PROPERTY ID,WARD NAME,MOHALLA NAME,HOUSE NO,OWNER NAME,FATHER NAME,ADDRESS,MOBILE NO,PROPERTY USE AS,OLD HOUSE TAX 2025-2026,HOUSE TAX ARRER 2025-2026,OLD WATER TAX 2025-2026,WATER TAX ARRER 2025-2026,OLD WATER TANK TAX 2025-2026,OLD WATER TANK ARRER 2025-2026
1,10- Chadiyaan,Chadiyaan,1,Bethak Panchaiyti Valmiki,-,Chadiyaan,-, -,0,0,0,0,0,0
2,10- Chadiyaan,Chadiyaan,2,Indra Chatwal,Ashok,Chadiyaan,7983198276,Residential Self ,110,671,110,110,0,0
3,10- Chadiyaan,Chadiyaan,3,Shanti,W/O Pemma,Chadiyaan,7983198276,Residential Self ,73,444,73,73,343,4198
4,10- Chadiyaan,Chadiyaan,4,Rakesh Kumar,Lilu,Chadiyaan,8979402241,Residential Self ,61,973,61,1112,420,4740
5,10- Chadiyaan,Chadiyaan,5,Kuda,Kishan,Chadiyaan,8218108406,Residential Self ,24,24,24,0,0,0
6,10- Chadiyaan,Chadiyaan,6,Madan,Sukkan,Chadiyaan,8218108406,Residential Self ,61,2276,61,2276,359,5284
7,10- Chadiyaan,Chadiyaan,7,Sohan Lal,Chaman Lal,Chadiyaan,7417379031,Residential Self ,55,0,55,0,420,2040
8,10- Chadiyaan,Chadiyaan,8,"Parkasha, Naresh,
Mukesh , Rajan",Kamma,Chadiyaan,-,Residential Self ,61,1477,61,1478,359,3682
9,10- Chadiyaan,Chadiyaan,9,Premo ,W/O Babu Ram,Chadiyaan,-,Residential Self ,73,3732,73,3733,347,5212
10,10- Chadiyaan,Chadiyaan,10,Kuda,Bhallad,Chadiyaan,-,Residential Self ,91,191,91,191,420,840
11,10- Chadiyaan,Chadiyaan,11,Anil Kumar,Chaman Lal,Chadiyaan,9568033838,Residential Self ,48,293,48,293,0,0
12,10- Chadiyaan,Chadiyaan,12,Raj Kumar,Lilu,Chadiyaan,9389505055,Residential Self ,61,721,61,733,359,2452
13,10- Chadiyaan,Chadiyaan,12/1,Ramesh,Lilu,Chadiyaan,7060423252,Residential Self ,61,1317,61,1317,359,3232
14,10- Chadiyaan,Chadiyaan,13,"Rakesh, Raj Kumar,  Ramesh",Lilu,Chadiyaan,8979402241,Commercial Self ,61,2116,61,1317,0,0
15,10- Chadiyaan,Chadiyaan,13/1,Ramesh,Lilu,Chadiyaan,7060423252,Commercial Self ,218,7793,218,4544,0,0
16,10- Chadiyaan,Chadiyaan,13/2,Ramesh,Lilu,Chadiyaan,7060423252,Commercial Self ,218,15050,218,3979,0,0
17,10- Chadiyaan,Chadiyaan,13/3,Rakesh Kumar,Lilu,Chadiyaan,8979402241,Commercial Self ,218,4290,218,26295,0,0
18,10- Chadiyaan,Chadiyaan,13/4,Raj Kumar,Lilu,Chadiyaan,9389505055,Commercial Self ,218,3466,218,3466,0,0
19,10- Chadiyaan,Chadiyaan,13/5,Raj Kumar,Lilu,Chadiyaan,9389505055,Commercial Self ,218,26259,218,26294,0,0
20,10- Chadiyaan,Chadiyaan,14,"Sohan Lal, Anil",Chaman  ,Chadiyaan,7417379031,Commercial Self ,55,1006,55,1007,0,0
21,10- Chadiyaan,Chadiyaan,15,Santro,Sagar,Chadiyaan,9568033838,Commercial Self ,0,0,0,0,0,0
22,10- Chadiyaan,Chadiyaan,16,"Sadakat Ali,Rafat Ali",Nifasata,Chadiyaan,9997172358,Residential Self ,87,0,87,0,333,0
23,10- Chadiyaan,Chadiyaan,17,"Sadakat Ali,Rafat Ali",Nifasata,Chadiyaan,9997172358,Commercial Self ,145,0,145,0,0,0
24,10- Chadiyaan,Chadiyaan,18,"Sadakat Ali,Rafat Ali",Nifasata,Chadiyaan,9997172358,Commercial Self ,145,0,145,0,0,0
25,10- Chadiyaan,Chadiyaan,19,"Sadakat Ali,Rafat Ali",Nifasata,Chadiyaan,9027840658,Residential Self ,1920,11635,1920,11635,370,370
26,10- Chadiyaan,Chadiyaan,20,"Sadakat Ali,Rafat Ali",Nifasata,Chadiyaan,9027840658,Commercial Self ,0,0,0,0,0,0
27,10- Chadiyaan,Chadiyaan,21,"Sadakat Ali,Rafat Ali",Nifasata,Chadiyaan,9027840658,Commercial Self ,0,0,0,0,0,0
28,10- Chadiyaan,Chadiyaan,22,"Sadakat Ali,Rafat Ali",Nifasata,Chadiyaan,9027840658,Commercial Self ,218,218,218,218,0,0
29,10- Chadiyaan,Chadiyaan,23,"Sadakat Ali,Rafat Ali",Nifasata,Chadiyaan,9027840658,Commercial Self ,218,218,218,218,0,0
30,10- Chadiyaan,Chadiyaan,25,"Hakiman W/O Shabbir Ahamad,
Mohd. Hasim",Shabbir Ahamad,Chadiyaan,-, Open Plot,218,0,218,218,0,0
31,10- Chadiyaan,Chadiyaan,25/1,Mohd. Umar,Noor Bakash,Chadiyaan,9818493495,Commercial Self ,218,218,218,227,0,0
32,10- Chadiyaan,Chadiyaan,25/2,Mohd. Umar,Noor Bakash,Chadiyaan,9818493495,Commercial Self ,99,99,99,99,0,0
33,10- Chadiyaan,Chadiyaan,25/3,"Hakiman W/O Shabbir Ahamad,
Mohd. Hasim",Shabbir Ahamad,Chadiyaan,-, Open Plot,0,0,0,0,420,420
34,10- Chadiyaan,Chadiyaan,25/4,Mohd. Asgar Ali,Alimuddin,Chadiyaan,-, Open Plot,99,1574,99,1574,0,0
35,10- Chadiyaan,Chadiyaan,25/5,"Yamin, Yasin",Ramzani,Chadiyaan,8279393040,Commercial Self ,145,459,145,481,0,0
36,10- Chadiyaan,Chadiyaan,25/6,Sajida,Nazeer,Chadiyaan,9045680524,Commercial Self ,145,145,145,145,275,275
37,10- Chadiyaan,Chadiyaan,25/7,Sahzad,Bhira,Chadiyaan,7830680524,Commercial Self ,221,0,221,0,275,0
38,10- Chadiyaan,Chadiyaan,25/8,Bhura,Mira,Chadiyaan,7830680524,Commercial Self ,221,0,221,0,0,0
39,10- Chadiyaan,Chadiyaan,26,Bano,Bashir,Chadiyaan,8273807548,Commercial Self ,73,0,73,0,347,0
40,10- Chadiyaan,Chadiyaan,27,"Shezad, Noshad,Rizwan",Rasheed Ahamad,Chadiyaan,9917105353,Residential Self ,48,565,48,1453,372,2558
41,10- Chadiyaan,Chadiyaan,27/1,"Shezad, Noshad,Rizwan",Rasheed Ahamad,Chadiyaan,9917105353,Commercial Self ,145,1708,145,1453,0,0
42,10- Chadiyaan,Chadiyaan,27/2,"Shezad, Noshad,Rizwan",Rasheed Ahamad,Chadiyaan,9917105353,Commercial Self ,145,1708,145,1708,420,4830
43,10- Chadiyaan,Chadiyaan,28,"Mehboob, Riyaz, Istakhar,Israr",Mohd. Yamin,Chadiyaan,9027456485,Residential Self ,73,0,73,0,347,0
44,10- Chadiyaan,Chadiyaan,29,"Mehboob, Riyaz, Istakhar,Israr",Mohd. Yamin,Chadiyaan,9027456485,Commercial Self ,61,0,61,0,359,0
45,10- Chadiyaan,Chadiyaan,30,"Niyaz Ahamad,Imtiyaz, Yakub,
Mohd Ashraf",Mohd. Umar,Chadiyaan,8954869282,Residential Self ,48,48,48,48,372,372
46,10- Chadiyaan,Chadiyaan,31,"Niyaz Ahamad,Imtiyaz, Yakub,
Mohd Ashraf",Mohd. Umar,Chadiyaan,8954869282,Commercial Self ,73,73,73,73,0,0
47,10- Chadiyaan,Chadiyaan,31/1,"Niyaz Ahamad,Imtiyaz, Yakub,
Mohd Ashraf",Mohd. Umar,Chadiyaan,8954869282,Commercial Self ,73,73,73,73,420,420
48,10- Chadiyaan,Chadiyaan,31/2,Mohd. Arif,Mohd. Hasan,Chadiyaan,6397875687,Commercial Self ,73,2733,73,3733,0,0
49,10- Chadiyaan,Chadiyaan,31/3,Irshad Ahamad,Abdul Hamid,Chadiyaan,-,Residential Self ,121,561,121,561,0,0
50,10- Chadiyaan,Chadiyaan,33,Haji Shamim,Mohd. Hanif,Chadiyaan,9310238902,Residential Self ,61,0,61,0,359,0
51,10- Chadiyaan,Chadiyaan,34,Milkiyat Masjid Barnatala,-,Chadiyaan,7500013098, Open Plot,17,394,17,0,0,0
52,10- Chadiyaan,Chadiyaan,35,Milkiyat Masjid Barnatala,-,Chadiyaan,7500013098, Open Plot,22,523,22,0,0,0
53,10- Chadiyaan,Chadiyaan,36,Sharif Ahamad,Shafi,Chadiyaan,7520090077,Residential Self ,121,2140,121,5526,299,4392
54,10- Chadiyaan,Chadiyaan,36/1,Nafisha,W/O Ikbal,Chadiyaan,8265809515,Residential Self ,66,66,66,66,354,354
55,10- Chadiyaan,Chadiyaan,37,Mohd. Hanif (Neefa),Salamatullah,Chadiyaan,9358888803,Residential Self ,182,2507,182,6175,238,1774
56,10- Chadiyaan,Chadiyaan,38,Amir Ahamad,Janna,Chadiyaan,9045009046,Residential Self ,182,12675,182,12729,238,3704
57,10- Chadiyaan,Chadiyaan,39,Nafees Ahamad,Kherati,Chadiyaan,6395067864,Residential Self ,145,145,145,145,275,275
58,10- Chadiyaan,Chadiyaan,40,Anees Ahamad,Kherati,Chadiyaan,8510848185,Residential Self ,48,2479,48,2476,420,5638
59,10- Chadiyaan,Chadiyaan,41,"Ikram, Mohd. Inam",Raseed Ahamad,Chadiyaan,9368584006,Residential Self ,121,254,121,254,420,2040
60,10- Chadiyaan,Chadiyaan,42,Idreesh,Mohd. Shafi,Chadiyaan,6397494797,Residential Self ,121,2957,121,2929,299,2932
61,10- Chadiyaan,Chadiyaan,43,Israil,Salamatullah,Chadiyaan,9548480038,Residential Self ,97,1332,97,1332,323,2802
62,10- Chadiyaan,Chadiyaan,44,"Shamim, Anees, Yakub",Nazir,Chadiyaan,6395141567,Residential Self ,61,61,61,61,359,359
63,10- Chadiyaan,Chadiyaan,45,Amana,W/O Yasin,Chadiyaan,8439534620,Residential Self ,182,382,182,382,420,840
64,10- Chadiyaan,Chadiyaan,"46,
47",Risha,Salamatullah,Chadiyaan,8430008030,Residential Self ,145,6174,145,2303,0,0
65,10- Chadiyaan,Chadiyaan,48,Risha,Salamatullah,Chadiyaan,8430008030,Residential Self ,97,10452,97,10096,420,7132
66,10- Chadiyaan,Chadiyaan,49,Mustakim,Abdul Samad,Chadiyaan,9027198270,Residential Self ,97,5470,97,6608,323,5451
67,10- Chadiyaan,Chadiyaan,50,Haji Sharif Ahamad,Salamatullah,Chadiyaan,8881889910,Residential Self ,121,3137,121,3137,299,2732
68,10- Chadiyaan,Chadiyaan,51,Minna,Salamatullah,Chadiyaan,7037375961,Residential Self ,92,3247,92,3301,323,2555
69,10- Chadiyaan,Chadiyaan,52,Ashfak Ahamad,Ishak Ahamad,Chadiyaan,9548992116,Residential Self ,145,1708,145,1708,420,3674
70,10- Chadiyaan,Chadiyaan,53,Kalu ,Niyaz,Chadiyaan,8168709477,Residential Self ,182,13449,182,15666,420,7605
71,10- Chadiyaan,Chadiyaan,54,Rafeek,Niyaz,Chadiyaan,7351932602,Residential Self ,145,9201,145,9292,420,5740
72,10- Chadiyaan,Chadiyaan,55,Salim,Niyaz,Chadiyaan,8077674227,Residential Self ,145,4104,145,3306,0,0
73,10- Chadiyaan,Chadiyaan,56,Mohd. Islam,Noor Mohammad,Chadiyaan,8218496200,Residential Self ,182,8549,182,8103,238,3464
74,10- Chadiyaan,Chadiyaan,57,Mohd. Inam,Noor Mohammad,Chadiyaan,9528509933,Residential Self ,48,48,48,1512,372,372
75,10- Chadiyaan,Chadiyaan,58,Bano ,W/O Intezar,Chadiyaan,8439000576,Residential Self ,55,0,55,0,365,0
76,10- Chadiyaan,Chadiyaan,59,Salim Ahamad,Niyaz Ahamad,Chadiyaan,8218004220,Residential Self ,145,1120,145,1120,420,6972
77,10- Chadiyaan,Chadiyaan,60,Masjid Ibadat Gha Barnatala,-,Chadiyaan,7500013098,Commercial Self ,0,0,0,0,420,4440
78,10- Chadiyaan,Chadiyaan,61,Milkiyat Masjid Barnatala,-,Chadiyaan,7500013098,Commercial Self ,165,3864,165,3868,420,0
79,10- Chadiyaan,Chadiyaan,62,Milkiyat Masjid Barnatala,-,Chadiyaan,7500013098,Commercial Self ,165,3887,165,3868,0,0
80,10- Chadiyaan,Chadiyaan,63,Milkiyat Masjid Barnatala,-,Chadiyaan,7500013098,Commercial Self ,165,3887,165,3868,0,0
81,10- Chadiyaan,Chadiyaan,64,Milkiyat Masjid Barnatala,-,Chadiyaan,7500013098,Commercial Self ,165,3887,165,3868,0,0
82,10- Chadiyaan,Chadiyaan,65,Milkiyat Masjid Barnatala,-,Chadiyaan,7500013098,Commercial Self ,165,3887,165,3868,0,0
83,10- Chadiyaan,Chadiyaan,66,Milkiyat Masjid Barnatala,-,Chadiyaan,7500013098,Commercial Self ,19,459,19,0,0,0
84,10- Chadiyaan,Chadiyaan,67,Milkiyat Masjid Barnatala,-,Chadiyaan,7500013098,Commercial Self ,165,2267,165,3597,0,0
85,10- Chadiyaan,Chadiyaan,68,Raseed Ahamad,Rafi,Chadiyaan,8533852443,Residential Self ,110,110,110,110,420,420
86,10- Chadiyaan,Chadiyaan,69,"Abdul Majid S/O Sarajuddin,
Yasir S/O Aladeen",-,Chadiyaan,9927184083,Residential Self ,97,592,97,592,0,0
87,10- Chadiyaan,Chadiyaan,70,Mozuddin,Ibrahim,Chadiyaan,9927184083,Residential Self ,61,0,61,0,359,0
88,10- Chadiyaan,Chadiyaan,71,Majidan,W/O Mozudden,Chadiyaan,9927184083,Residential Self ,0,0,0,0,420,0
89,10- Chadiyaan,Chadiyaan,71/1,Abdul Lateef,Sher Deen,Chadiyaan,8881384804,Residential Self ,145,0,145,2646,0,0
90,10- Chadiyaan,Chadiyaan,71/2,Abdul Lateef,Sher Deen,Chadiyaan,8881384804,Residential Self ,145,0,145,2646,0,0
91,10- Chadiyaan,Chadiyaan,72,Abdul Lateef,Dher Deen,Chadiyaan,8881384804,Residential Self ,242,0,242,4415,420,1940
92,10- Chadiyaan,Chadiyaan,73,Vakila ,W/O Naseel,Chadiyaan,9557335034,Residential Self ,726,39333,726,36865,0,0
93,10- Chadiyaan,Chadiyaan,74,"Raees Ahamad, Vakil Ahamad,
Shakil Ahamad, ",Rafik Ahamad,Chadiyaan,7351569298,Residential Self ,44,0,44,0,420,0
94,10- Chadiyaan,Chadiyaan,75,Yakub,Munshi,Chadiyaan,9548029300,Residential Self ,121,6766,121,6766,0,0
95,10- Chadiyaan,Chadiyaan,75/1,Riyaz,Maksuda Ahamad,Chadiyaan,9368650613,Residential Self ,87,0,87,0,299,2932
96,10- Chadiyaan,Chadiyaan,75/2,"Shenaz W/O Mehboob,
Rashid S/O Ayyub",-,Chadiyaan,-,Residential Self ,97,3505,97,2549,420,6200
97,10- Chadiyaan,Chadiyaan,76,"Rashid S/O Ayyub,
Vakila W/O Saeed Ahamad",-,Chadiyaan,9045167645,Residential Self ,55,55,55,256,420,6540
98,10- Chadiyaan,Chadiyaan,77,"Israr S/O Wazir,
Nazeer S/O Gaffar",Gaffar,Chadiyaan,7895735182,Residential Self ,121,254,121,738,299,2952
99,10- Chadiyaan,Chadiyaan,78,"Israr S/O Wazir, Nazeer S/O Gaffar",Gaffar,Chadiyaan,7895735182,Residential Self ,0,0,0,0,347,694
100,10- Chadiyaan,Chadiyaan,79,Mohd. Ilyash,Raseed Ahamad,Chadiyaan,9319489061,Residential Self ,73,153,73,153,347,694
101,10- Chadiyaan,Chadiyaan,80,Saeed Ahamad,Abdul Rahim,Chadiyaan,9412355839,Residential Self ,109,506,109,506,311,1204
102,10- Chadiyaan,Chadiyaan,81,Salim Ahamad,Abdul Basid,Chadiyaan,9896456664,Residential Self ,85,808,85,808,0,0
103,10- Chadiyaan,Chadiyaan,82,Raisa,W/O Abdul Alim,Chadiyaan,-,Residential Self ,145,5472,145,5436,420,6540
104,10- Chadiyaan,Chadiyaan,82/1,Noor Jhan,Mehmood,Chadiyaan,9023707820,Residential Self ,0,0,0,0,0,0
105,10- Chadiyaan,Chadiyaan,82/2,Noor Jhan,Mehmood,Chadiyaan,9023707820,Commercial Self ,290,6270,290,5243,130,764
106,10- Chadiyaan,Chadiyaan,83,Noor Jhan,Mehmood,Chadiyaan,9023707820,Commercial Self ,61,1351,61,1350,420,2040
107,10- Chadiyaan,Chadiyaan,84,Shabbir Ahamad,Majid,Chadiyaan,9953261261,Residential Self ,121,2613,121,0,0,0
108,10- Chadiyaan,Chadiyaan,85,Irshad Ahamad,Abdul Samad,Chadiyaan,6397277860,Residential Self ,97,1591,97,2091,420,4140
109,10- Chadiyaan,Chadiyaan,86,Saeed Ahamad,Ahamad,Chadiyaan,9389492490,Residential Self ,110,1510,110,1499,310,2260
110,10- Chadiyaan,Chadiyaan,87,Mohd. Yusuf,Abdul Majid,Chadiyaan,6397978338,Residential Self ,110,11773,110,6140,310,4540
111,10- Chadiyaan,Chadiyaan,88,Shabbir  ,Abdul Majid,Chadiyaan,8430805600,Residential Self ,73,3733,73,3733,420,6612
112,10- Chadiyaan,Chadiyaan,89,Raseed Ahamad,Naseer Ahamad,Chadiyaan,8477825665,Residential Self ,330,693,330,630,90,390
113,10- Chadiyaan,Chadiyaan,90,Farzana Begam,W/O Mohd. Israr,Chadiyaan,9882516786,Residential Self ,198,198,198,198,420,420
114,10- Chadiyaan,Chadiyaan,91,Farzana Begam,W/O Mohd. Israr,Chadiyaan,9882516786,Commercial Self ,0,0,0,0,0,0
115,10- Chadiyaan,Chadiyaan,92,Farzana Begam,W/O Mohd. Israr,Chadiyaan,9882516786,Commercial Self ,0,0,0,0,0,0
116,10- Chadiyaan,Chadiyaan,93,Farzana Begam,W/O Mohd. Israr,Chadiyaan,9882516786,Commercial Self ,0,0,0,0,0,0
117,10- Chadiyaan,Chadiyaan,94,"Mohd. Yusuf S/O Shamsudeen,
Nazar, Gulzar, Rizwan, Shanawaz S/O Mohd. Umar",Mohd. Umar,Chadiyaan,7017425613,Residential Self ,44,1482,44,1995,0,0
118,10- Chadiyaan,Chadiyaan,95,"Mohd. Yusuf S/O Shamsudeen,
Nazar, Gulzar, Rizwan, Shanawaz S/O Mohd. Umar",Mohd. Umar,Chadiyaan,7017425613,Residential Self ,44,1482,44,1033,0,0
119,10- Chadiyaan,Chadiyaan,96,Abdul Sattar,Muzaffer,Chadiyaan,7906468215,Residential Self ,48,0,48,0,372,0
120,10- Chadiyaan,Chadiyaan,97,Mohd. Usman,Shareef Ahamad,Chadiyaan,8439246082,Commercial Self ,31,31,31,0,420,420
121,10- Chadiyaan,Chadiyaan,97/1,Mohd. Usman,Shareef Ahamad,Chadiyaan,8439246082,Commercial Self ,91,91,91,91,0,0
122,10- Chadiyaan,Chadiyaan,98,Shamim Ahamad,Abdul Kareem,Chadiyaan,9027702297,Residential Self ,28,28,28,0,420,440
123,10- Chadiyaan,Chadiyaan,99,Mohd. Ilyash,Rafi,Chadiyaan,-,Commercial Self ,53,0,53,8798,0,0
124,10- Chadiyaan,Chadiyaan,100,Islam,Shafi,Chadiyaan,-,Commercial Self ,220,5152,220,5155,0,0
125,10- Chadiyaan,Chadiyaan,101,Shamshad,Shamsudeen,Chadiyaan,-,Commercial Self ,278,7536,278,7655,0,0
126,10- Chadiyaan,Chadiyaan,102,"Saeed Ahamad, Wakeel",Saddik,Chadiyaan,-,Residential Self ,0,0,0,0,0,0
127,10- Chadiyaan,Chadiyaan,103,Mohd. Inam,Noor Mohammad,Chadiyaan,9027185836,Residential Self ,73,153,73,153,0,0
128,10- Chadiyaan,Chadiyaan,104,Mohd. Inam,Noor Mohammad,Chadiyaan,9027185836,Residential Self ,61,128,61,128,359,718
129,10- Chadiyaan,Chadiyaan,106,"Istiyak Ahamad, Akhlak Ahamad,
S/O Sharif Ahamad, Mohd. Ilyash S/O Raseed Ahamad",-,Chadiyaan,-, Open Plot,0,0,0,0,0,0
130,10- Chadiyaan,Chadiyaan,107,Mehboob Ahamad,Noor Mohammad,Chadiyaan,9389847297,Residential Self ,61,0,61,0,359,0
131,10- Chadiyaan,Chadiyaan,108,Israr Ahamad,Haji Wasid,Chadiyaan,9882516786,Residential Self ,48,48,48,48,372,372
132,10- Chadiyaan,Chadiyaan,109,Raisa,W/O Abdul Alim,Chadiyaan,9548345093,Residential Self ,66,1547,66,1547,0,0
133,10- Chadiyaan,Chadiyaan,110,Raisa,W/O Abdul Alim,Chadiyaan,9548345093,Commercial Self ,165,3864,165,3868,0,0
134,10- Chadiyaan,Chadiyaan,111,Raisa,W/O Abdul Alim,Chadiyaan,9548345093,Commercial Self ,145,5302,145,8022,420,6604
135,10- Chadiyaan,Chadiyaan,112,Haji Wasid,Allah Banda,Chadiyaan,-,Residential Self ,48,48,48,48,372,372
136,10- Chadiyaan,Chadiyaan,113,Vali Asgar,Vali Mohammad,Chadiyaan,7505954447,Residential Self ,97,0,97,0,323,0
137,10- Chadiyaan,Chadiyaan,114,Mohd. Yasin,Mohd. Basid,Chadiyaan,8396947913,Residential Self ,182,9322,182,9315,288,3224
138,10- Chadiyaan,Chadiyaan,115,Haji Mehboob,Noor Mohammad,Chadiyaan,-,Residential Self ,61,2276,61,2276,359,5432
139,10- Chadiyaan,Chadiyaan,116,Haji Wasid,Allah Banda,Chadiyaan,-,Residential Self ,132,3637,132,3637,288,3894
140,10- Chadiyaan,Chadiyaan,117,"Shezad, Noshad,Rizwan",Haji Mehboob,Chadiyaan,-,Residential Self ,97,592,97,592,420,3640
141,10- Chadiyaan,Chadiyaan,118,Haji Fazal,Abdul Rahim,Chadiyaan,7696152622,Residential Self ,242,2855,242,5906,178,1524
142,10- Chadiyaan,Chadiyaan,119,"Yakub, Fareed, Ayyub",Noor Mohammad,Chadiyaan,9034991362,Residential Self ,121,10548,121,6202,0,0
143,10- Chadiyaan,Chadiyaan,120,Haji Mehboob,Noor Mohammad,Chadiyaan,9034991362,Residential Self ,19,63,19,0,0,0
144,10- Chadiyaan,Chadiyaan,121,"Alimudeen S/O Imamudeen,
Ahshan S/O Shafi",-,Chadiyaan,6396559893,Residential Self ,73,153,73,153,0,0
145,10- Chadiyaan,Chadiyaan,122,Akhlak Ahamad S/O Matlu Ahamad,Jaan Mohammad,Chadiyaan,8439311001,Residential Self ,61,372,61,446,359,1735
146,10- Chadiyaan,Chadiyaan,123,"Milkiyat Nagar Palika 
Kairana",-,Chadiyaan,-, Open Plot,0,0,0,0,0,0
147,10- Chadiyaan,Chadiyaan,124,Inam ,Niyaz,Chadiyaan,8439767095,Residential Self ,48,223,48,223,420,1640
148,10- Chadiyaan,Chadiyaan,125,Irfan,Mohd. Umar,Chadiyaan,-,Residential Self ,97,4736,97,9676,420,6682
149,10- Chadiyaan,Chadiyaan,126,Mohd. Usman,Mohd. Umar,Chadiyaan,-,Residential Self ,110,510,110,2577,0,0
150,10- Chadiyaan,Chadiyaan,127,Noor Jhan,Mehmood Hasan,Chadiyaan,8475839245,Residential Self ,145,3929,145,3929,420,3240
151,10- Chadiyaan,Chadiyaan,128,Mohd. Afzal,Ismail,Chadiyaan,9569221260,Residential Self ,79,4057,79,4051,341,5132
152,10- Chadiyaan,Chadiyaan,128/1,Irfan ,Mohd. Umar,Chadiyaan,-,Residential Self ,121,11364,121,6705,420,3240
153,10- Chadiyaan,Chadiyaan,128/2,"Ansar , Muda",Niyaz Ahamad,Chadiyaan,8837686887,Residential Self ,91,2013,91,2468,420,4815
154,10- Chadiyaan,Chadiyaan,128/3,Ayyaz,Fayyaz,Chadiyaan,7505007180,Residential Self ,121,400,121,9662,420,6972
155,10- Chadiyaan,Chadiyaan,129,Ahesan,Imtiyaz,Chadiyaan,8837686887,Residential Self ,121,1147,121,1147,420,2640
156,10- Chadiyaan,Chadiyaan,130,Mohd. Inam,Niyaz Ahamad,Chadiyaan,8439767095,Residential Self ,61,202,61,202,0,0
157,10- Chadiyaan,Chadiyaan,131,Mohd. Saleem,Niyaz Ahamad,Chadiyaan,9358019410,Residential Self ,48,2237,48,1871,0,0
158,10- Chadiyaan,Chadiyaan,132,"Khurshid, Mohd. Zahid,
Rashid",Shabbir Ahamad,Chadiyaan,9634528842,Residential Self ,85,85,85,808,420,2940
159,10- Chadiyaan,Chadiyaan,133,"Akhlak Ahamad  , Makbool",Jaan Mohammad,Chadiyaan,8439311001, -,48,659,48,659,372,2812
160,10- Chadiyaan,Chadiyaan,134,Mohd. Akram,Abdul Hakim,Chadiyaan,-,Residential Self ,45,2722,85,2857,333,1292
161,10- Chadiyaan,Chadiyaan,135,Mehmuna,W/O Allah Banda,Chadiyaan,-,Residential Self ,61,2298,61,2276,359,1396
162,10- Chadiyaan,Chadiyaan,136,Abdul Hamid,Bundu,Chadiyaan,7015900598,Residential Self ,61,61,61,61,359,359
163,10- Chadiyaan,Chadiyaan,137,Haji Saeed Ahamad,Abdul Rahim,Chadiyaan,9412355829,Commercial Self ,145,674,145,674,0,0
164,10- Chadiyaan,Chadiyaan,138,Haji Saeed Ahamad,Abdul Rahim,Chadiyaan,9412355829,Commercial Self ,145,674,145,674,0,0
165,10- Chadiyaan,Chadiyaan,138/1,Haji Saeed Ahamad,Abdul Rahim,Chadiyaan,9412355829,Commercial Self ,220,5152,220,5152,0,0
166,10- Chadiyaan,Chadiyaan,139,"Abdul Aziz, Imamudeen, 
Abdul Rehman",Abdul Raheman,Chadiyaan,-,Commercial Self ,139,4433,726,4433,0,0
167,10- Chadiyaan,Chadiyaan,139/1,"Abdul Aziz, Imamudeen, 
Abdul Rehman",Abdul Rahiman,Chadiyaan,-,Commercial Self ,726,15701,726,17311,0,0
168,10- Chadiyaan,Chadiyaan,139/2,"Abdul Aziz, Imamudeen, 
Abdul Rehman",Abdul Rahiman,Chadiyaan,-,Commercial Self ,581,12555,581,12001,0,0
169,10- Chadiyaan,Chadiyaan,140,"Abdul Aziz, Imamudeen, 
Abdul Rehman",Abdul Rahiman,Chadiyaan,-,Commercial Self ,121,2613,121,2613,420,4140
170,10- Chadiyaan,Chadiyaan,141,Aasif,Hafiz Irtaza,Chadiyaan,7728046243,Residential Self ,0,0,0,0,0,0
171,10- Chadiyaan,Chadiyaan,142,Aasif,Hafiz Irtaza,Chadiyaan,7728046243,Residential Self ,162,0,162,0,292,0
172,10- Chadiyaan,Chadiyaan,143,Kallan S/O Raseed,Inam S/O Baru,Chadiyaan,9760614300,Residential Self ,48,455,48,223,372,1800
173,10- Chadiyaan,Chadiyaan,144,Kallan  ,Raseed  ,Chadiyaan,9760614300, -,73,73,73,73,372,372
174,10- Chadiyaan,Chadiyaan,144/2,Khushnuda,Fazal,Chadiyaan,9997949740,Residential Self ,48,48,48,48,0,0
175,10- Chadiyaan,Chadiyaan,145,"Jamila W/O Salamatullah,
Islam",Salamatullah,Chadiyaan,8433103939, -,400,2442,400,2442,347,2502
176,10- Chadiyaan,Chadiyaan,145/1,"Abid, Kamil",Hamid,Chadiyaan,9958088610,Residential Self ,73,445,73,445,347,1675
177,10- Chadiyaan,Chadiyaan,146,"Latifan W/O Muda, 
Akhtar, Sattar, Muniyaz,Ahsan S/O Muda",Muda,Chadiyaan,7078751219,Residential Self ,220,728,220,1324,200,400
178,10- Chadiyaan,Chadiyaan,147,Mohd. Yusuf,Abdul Hasan,Chadiyaan,9719920600,Residential Self ,145,305,145,305,420,420
179,10- Chadiyaan,Chadiyaan,148,Vasila,W/O Abdul Wahid,Chadiyaan,-,Residential Self ,150,1425,150,1476,270,1590
180,10- Chadiyaan,Chadiyaan,149,Kasiran,W/O Abdul Rahiman,Chadiyaan,9058675830,Residential Self ,73,1522,73,1522,347,3560
181,10- Chadiyaan,Chadiyaan,150,Rafeek,Abdul Majeed,Chadiyaan,8439000503,Residential Self ,73,356,73,338,347,1348
182,10- Chadiyaan,Chadiyaan,151,Nafees,Majeed,Chadiyaan,8439000503,Residential Self ,73,863,73,864,347,2356
183,10- Chadiyaan,Chadiyaan,152,Raisa,W/O Mehmood,Chadiyaan,9058675830,Residential Self ,66,1537,66,1547,354,5892
184,10- Chadiyaan,Chadiyaan,153,Sida,Ismail,Chadiyaan,-,Residential Self ,73,338,73,338,347,1348
185,10- Chadiyaan,Chadiyaan,153/1,"Saeed, Shareef",Ismail,Chadiyaan,-,Residential Self ,73,4274,73,4234,420,1640
186,10- Chadiyaan,Chadiyaan,154,Midda,Ismail,Chadiyaan,-,Residential Self ,73,445,73,445,0,0
187,10- Chadiyaan,Chadiyaan,155,Shafik,Sadullah,Chadiyaan,9997865272, -,73,1719,73,5698,0,0
188,10- Chadiyaan,Chadiyaan,156,Vasila,Midda,Chadiyaan,9540444217,Residential Self ,73,1945,73,3733,347,2129
189,10- Chadiyaan,Chadiyaan,157,Midda,Raseed,Chadiyaan,9540444217, -,132,3091,132,3141,0,0
190,10- Chadiyaan,Chadiyaan,158,Naima,W/O Abdul Hakim,Chadiyaan,9720691443, -,132,132,132,132,288,1548
191,10- Chadiyaan,Chadiyaan,159,Nawab,Abdul Hakim,Chadiyaan,9720691443, -,132,1815,132,1815,0,0
192,10- Chadiyaan,Chadiyaan,160,Saeed(Seeda),Ismaiel,Chadiyaan,9927174837,Residential Self ,97,450,97,450,323,1252
193,10- Chadiyaan,Chadiyaan,161,Nawab,Abdul Hakim,Chadiyaan,9720691443,Residential Self ,97,4739,97,4725,323,4788
194,10- Chadiyaan,Chadiyaan,162,Raees   ,Muda,Chadiyaan,9027806025,Residential Self ,88,3643,88,3630,323,646
195,10- Chadiyaan,Chadiyaan,163,Khuda Bakash,Abdul Majeed,Chadiyaan,8684947132,Residential Self ,61,470,61,470,359,2452
196,10- Chadiyaan,Chadiyaan,164,Liyakat,Allah Banda,Chadiyaan,7819828832, -,48,293,48,293,372,1800
197,10- Chadiyaan,Chadiyaan,165,Kallan,Allah Banda,Chadiyaan,9536232712,Residential Self ,48,0,48,0,372,0
198,10- Chadiyaan,Chadiyaan,166,Saeed,Allah Rakha,Chadiyaan,6396352952,Residential Self ,48,0,48,1168,420,0
199,10- Chadiyaan,Chadiyaan,166/1,Mehrban,Allah Rakha,Chadiyaan,8923159213,Residential Self ,121,6369,121,7777,299,3420
200,10- Chadiyaan,Chadiyaan,167,Maksood,Shafi,Chadiyaan,9548202500,Residential Self ,121,7732,121,12307,299,4368
201,10- Chadiyaan,Chadiyaan,168,Rasheed Ahamad,Shafi,Chadiyaan,9878832797,Residential Self ,145,15531,145,3860,275,1470
202,10- Chadiyaan,Chadiyaan,169,Karimudeen,Allah Diya,Chadiyaan,7351368992,Residential Self ,200,0,200,0,220,0
203,10- Chadiyaan,Chadiyaan,170,"Kallan, Manga",Bundu,Chadiyaan,8700491724, -,48,659,48,659,372,2812
204,10- Chadiyaan,Chadiyaan,170/1,Shakeel,Bundu,Chadiyaan,9813132690,Residential Self ,581,14438,581,46693,0,0
205,10- Chadiyaan,Chadiyaan,171,Ashiya,W/O Nazeer,Chadiyaan,-,Residential Self ,110,2604,110,2577,0,0
206,10- Chadiyaan,Chadiyaan,172,Saeed,Munna,Chadiyaan,-,Residential Self ,61,0,61,0,420,0
207,10- Chadiyaan,Chadiyaan,173,Fenza,Munna,Chadiyaan,-,Residential Self ,45,823,45,823,375,5776
208,10- Chadiyaan,Chadiyaan,174,Ashiya,W/O Nazeer,Chadiyaan,-,Residential Self ,88,2061,88,2063,0,0
209,10- Chadiyaan,Chadiyaan,175,Dilshad,Ismail,Chadiyaan,8954476692,Residential Self ,436,20140,436,46497,0,0
210,10- Chadiyaan,Chadiyaan,176,Saddik,Abdul,Chadiyaan,9528286700,Residential Self ,121,0,121,738,299,1435
211,10- Chadiyaan,Chadiyaan,177,Ashiya,W/O Nazeer,Chadiyaan,-,Residential Self ,48,1168,48,1168,372,2380
212,10- Chadiyaan,Chadiyaan,178,Ahsan,Abdul Wahab,Chadiyaan,-,Residential Self ,145,1708,145,1708,420,2940
213,10- Chadiyaan,Chadiyaan,179,Seeda,Abdul,Chadiyaan,7535027708,Residential Self ,48,159,48,159,0,0
214,10- Chadiyaan,Chadiyaan,180,"Abdul Hameed,Mohd. Haneef",Allah Diya,Chadiyaan,-,Residential Self ,145,1380,145,305,420,840
215,10- Chadiyaan,Chadiyaan,181,Ikbal,Muntiyaz,Chadiyaan,9528755494,Residential Self ,110,2662,110,2497,420,6440
216,10- Chadiyaan,Chadiyaan,182,"Mehmood Hasan,
Wakila",Yasin,Chadiyaan,-,Residential Self ,121,9532,121,254,420,7116
217,10- Chadiyaan,Chadiyaan,182/1,Khalil,Abdul Rahim,Chadiyaan,-,Residential Self ,73,249,73,249,0,0
218,10- Chadiyaan,Chadiyaan,183,"Manga, Kallan",Bundu,Chadiyaan,8700491724,Residential Self ,48,0,48,0,420,0
219,10- Chadiyaan,Chadiyaan,184,Liyakat,Yasin,Chadiyaan,9359762241,Residential Self ,48,0,48,0,420,0
220,10- Chadiyaan,Chadiyaan,185,Jamil Ahamad,Ismail,Chadiyaan,8171310914,Residential Self ,48,0,48,0,372,2578
221,10- Chadiyaan,Chadiyaan,186,Mohd. Yamin,Ismail,Chadiyaan,7982956120,Residential Self ,48,565,48,580,372,2556
222,10- Chadiyaan,Chadiyaan,187,Haji Fazal,Rahim,Chadiyaan,-,Residential Self ,121,561,121,561,299,1156
223,10- Chadiyaan,Chadiyaan,187/1,Anwar Ahamad,Sharif Ahamad,Chadiyaan,9779793344,Residential Self ,61,3117,61,3117,0,0
224,10- Chadiyaan,Chadiyaan,187/2,Mohd. Yunus,Abdul Kareem,Chadiyaan,9779793344,Residential Self ,66,510,66,510,354,2412
225,10- Chadiyaan,Chadiyaan,187/3,Niyaz Ahamad ,Abdul Lateef,Chadiyaan,6396633055,Residential Self ,48,370,48,370,372,2052
226,10- Chadiyaan,Chadiyaan,187/4,Fayyaz,Abdul Lateef,Chadiyaan,6396633055,Residential Self ,48,2479,48,2476,0,0
227,10- Chadiyaan,Chadiyaan,188,Yusuf ,Mehmood,Chadiyaan,8929020203,Residential Self ,121,400,121,0,299,0
228,10- Chadiyaan,Chadiyaan,188/1,Yunus,Mehmood,Chadiyaan,7520040065,Residential Self ,73,3009,73,338,420,6972
229,10- Chadiyaan,Chadiyaan,189,Nishar Ahamad,Rasid Ahamad,Chadiyaan,-,Residential Self ,97,458,97,459,323,1252
230,10- Chadiyaan,Chadiyaan,190,Anees Ahamad,Sharif Ahamad,Chadiyaan,9368281331,Residential Self ,121,6202,121,6202,299,4332
231,10- Chadiyaan,Chadiyaan,191,Milkiyat Masjid Akhum Ji Wali,-,Chadiyaan,7500470786,Mosque,0,0,0,0,0,0
232,10- Chadiyaan,Chadiyaan,195,"Milkiyat Masjid 
Akhum Ji Wali",-,Chadiyaan,7500470786,Commercial Self ,48,293,48,2476,0,0
233,10- Chadiyaan,Chadiyaan,196,"Masjid Ibadat Gha 
Akhum Ji Wali",-,Chadiyaan,7500470786,Commercial Self ,55,1007,55,1007,0,0
234,10- Chadiyaan,Chadiyaan,197,"Masjid Ibadat Gha 
Akhum Ji Wali",-,Chadiyaan,7500470786,Commercial Self ,0,0,0,0,420,420
235,10- Chadiyaan,Chadiyaan,198,"Masjid Ibadat Gha 
Akhum Ji Wali",-,Chadiyaan,7500470786,Commercial Self ,48,565,48,2476,0,0
236,10- Chadiyaan,Chadiyaan,199,"Masjid Ibadat Gha 
Akhum Ji Wali",-,Chadiyaan,7500470786,Commercial Self ,48,293,48,33,0,0
237,10- Chadiyaan,Chadiyaan,200,"Masjid Ibadat Gha 
Akhum Ji Wali",-,Chadiyaan,7500470786,Commercial Self ,55,0,55,873,0,0
238,10- Chadiyaan,Chadiyaan,201,"Masjid Ibadat Gha 
Akhum Ji Wali",-,Chadiyaan,7500470786,Commercial Self ,55,873,55,873,0,0
239,10- Chadiyaan,Chadiyaan,201/1,"Masjid Ibadat Gha 
Akhum Ji Wali",-,Chadiyaan,7500470786,Commercial Self ,55,524,55,184,0,0
240,10- Chadiyaan,Chadiyaan,201/2,"Masjid Ibadat Gha
Akhum Ji Wali",-,Chadiyaan,7500470786,Commercial Self ,55,524,55,524,0,0
241,10- Chadiyaan,Chadiyaan,201/3,"Masjid Ibadat Gha 
Akhum Ji Wali",-,Chadiyaan,7500470786,Commercial Self ,55,0,55,0,0,0
242,10- Chadiyaan,Chadiyaan,201/4,"Masjid Ibadat Gha
Akhum Ji Wali",-,Chadiyaan,7500470786,Commercial Self ,55,337,55,337,0,0
243,10- Chadiyaan,Chadiyaan,202,Nafisha,W/O Manga,Chadiyaan,9997485816,Residential Self ,97,97,97,97,420,2040
244,10- Chadiyaan,Chadiyaan,203,Noshad,Rashid Ahamad,Chadiyaan,8272000453,Residential Self ,48,1627,48,1623,420,5340
245,10- Chadiyaan,Chadiyaan,204,Ramzani,Naseer,Chadiyaan,9359172386,Residential Self ,110,510,110,510,310,1200
246,10- Chadiyaan,Chadiyaan,205,Mohd. Islam,Naseer,Chadiyaan,9720840888, -,73,5274,73,6004,347,3272
247,10- Chadiyaan,Chadiyaan,206,"Anees Ahamad, 
Noor Mohammad",-,Chadiyaan,8881881118,Residential Self ,48,101,48,101,372,792
248,10- Chadiyaan,Chadiyaan,207,"Shanu , Mehraban",Kalu,Chadiyaan,8272000453,Residential Self ,85,85,85,85,420,790
249,10- Chadiyaan,Chadiyaan,208,Naseem Ahamad,Zinda,Chadiyaan,7362710020,Residential Self ,165,165,165,165,255,1350
250,10- Chadiyaan,Chadiyaan,209,Mehboob Ahamad,Zinda,Chadiyaan,7253023527,Residential Self ,110,0,110,597,310,1870
251,10- Chadiyaan,Chadiyaan,210,Khushnuda,W/O Yasin,Chadiyaan,7037948791,Residential Self ,61,971,61,982,420,7332
252,10- Chadiyaan,Chadiyaan,211,Yamin,Kallan,Chadiyaan,9548497709,Residential Self ,73,763,73,2733,0,0
253,10- Chadiyaan,Chadiyaan,"212,
213",Lasho Mehrban,Abdul Majid,Chadiyaan,8430003284,Residential Self ,121,1923,121,3656,420,5040
254,10- Chadiyaan,Chadiyaan,214,Mohd. Yusuf,Munshi,Chadiyaan,9528684853,Residential Self ,290,15269,290,22211,0,0
255,10- Chadiyaan,Chadiyaan,215,Mohd. Yusuf,Munshi,Chadiyaan,9528684853,Residential Self ,61,2276,61,3117,359,6368
256,10- Chadiyaan,Chadiyaan,216,Mohd. Islam,Munshi,Chadiyaan,8395025269,Residential Self ,121,561,121,561,299,3365
257,10- Chadiyaan,Chadiyaan,"217,
218,
219",Abdul Wahid,Abdul Hameed,Chadiyaan,7351368926,Residential Self ,165,1110,165,1110,238,1130
258,10- Chadiyaan,Chadiyaan,220,"Wasid, Jamil",Abdul Rahim,Chadiyaan,9548556656,Residential Self ,110,0,110,0,420,3540
259,10- Chadiyaan,Chadiyaan,220/1,Ibrahim,Nanha,Chadiyaan,9368930093,Residential Self ,61,128,61,128,359,718
260,10- Chadiyaan,Chadiyaan,221,Mangta,Mohd. Rafi,Chadiyaan,8881888116, -,97,334,97,321,420,1240
261,10- Chadiyaan,Chadiyaan,222,"Nawab, Saleem",Anees,Chadiyaan,9528192919,Residential Self ,61,0,61,0,420,0
262,10- Chadiyaan,Chadiyaan,223,Nazeer,Bundu,Chadiyaan,9897768478,Residential Self ,48,1463,48,1468,372,4358
263,10- Chadiyaan,Chadiyaan,224,Abdul Salam,Abdul Hakeem,Chadiyaan,6352819472,Residential Self ,55,1007,55,963,365,4775
264,10- Chadiyaan,Chadiyaan,225,Abdul Salam,Abdul Hakeem,Chadiyaan,6352819472,Commercial Self ,73,563,73,2730,347,5372
265,10- Chadiyaan,Chadiyaan,225/1,Abdul Salam,Abdul Hakeem,Chadiyaan,6352819472,Commercial Self ,110,1239,110,3677,0,0
266,10- Chadiyaan,Chadiyaan,225/2,Abdul Salam,Abdul Hakeem,Chadiyaan,6352819472,Commercial Self ,110,1181,110,4092,0,0
267,10- Chadiyaan,Chadiyaan,225/3,Abdul Salam,Abdul Hakeem,Chadiyaan,6352819472,Commercial Self ,121,1147,121,5067,0,0
268,10- Chadiyaan,Chadiyaan,225/4,Abdul Salam,Abdul Hakeem,Chadiyaan,6352819472,Commercial Self ,121,1147,121,4057,0,0
269,10- Chadiyaan,Chadiyaan,225/5,Abdul Salam,Abdul Hakeem,Chadiyaan,6352819472,Commercial Self ,121,1147,121,3288,0,0
270,10- Chadiyaan,Chadiyaan,226,"Dilshad Ahamad, 
Anshar Ahamad",Irshad Ahamad,Chadiyaan,9012357118,Residential Self ,110,241,110,364,420,840
271,10- Chadiyaan,Chadiyaan,227,Naseem  ,W/O Naseem,Chadiyaan,-,Residential Self ,61,2276,61,2276,0,0
272,10- Chadiyaan,Chadiyaan,228,Naseem Jehra,W/O Tahir Hussain,Chadiyaan,9548222286,Residential Self ,48,310,48,370,372,2052
273,10- Chadiyaan,Chadiyaan,229,Ibrahim,Nanha,Chadiyaan,9368930093,Residential Self ,73,153,73,153,347,694
274,10- Chadiyaan,Chadiyaan,230,"Dilshad Ahamad, 
Anshar Ahamad",Irshad Ahamad,Chadiyaan,9012357118,Residential Self ,110,231,110,231,0,0
275,10- Chadiyaan,Chadiyaan,231,Mohd. Imran,Naseem Ahamad,Chadiyaan,9412867786,Residential Self ,48,565,48,565,372,2556
276,10- Chadiyaan,Chadiyaan,232,Kalu,Abdul Majeed,Chadiyaan,9311342611,Residential Self ,61,0,61,0,359,0
277,10- Chadiyaan,Chadiyaan,233,Nishar Ahamad,Abdul Majeed,Chadiyaan,9548590690,Residential Self ,145,1903,145,1903,275,3084
278,10- Chadiyaan,Chadiyaan,234,Nishar Ahamad,Abdul Majeed,Chadiyaan,9548590690,Residential Self ,73,2451,73,2203,0,0
279,10- Chadiyaan,Chadiyaan,235,Tokeer,W/O Irshad,Chadiyaan,-,Residential Self ,99,1807,99,1807,0,0
280,10- Chadiyaan,Chadiyaan,236,Ibrahim,Nanha,Chadiyaan,9368930093,Residential Self ,0,0,0,0,0,0
281,10- Chadiyaan,Chadiyaan,237,Mohabbat Ali,Yakub,Chadiyaan,-,Residential Self ,88,409,88,409,332,1288
282,10- Chadiyaan,Chadiyaan,238,"Noor Jhan, Mansoor,
Ayezaz, Maksoor",Manzoor Ahamad,Chadiyaan,-,Residential Self ,73,338,73,338,347,1348
283,10- Chadiyaan,Chadiyaan,239,Mohd. Hasim,Abdul Rahim,Chadiyaan,7253030651,Residential Self ,48,159,48,159,0,0
284,10- Chadiyaan,Chadiyaan,240,Abdul Basid,Abdul Rahim,Chadiyaan,9548556657,Residential Self ,61,840,61,840,420,2240
285,10- Chadiyaan,Chadiyaan,241,Kaneez,W/O Abdul Bahid,Chadiyaan,9548556657,Residential Self ,61,840,61,840,0,0
286,10- Chadiyaan,Chadiyaan,242,Saeed Ahamad,Abdul Rasheed,Chadiyaan,9897454926,Residential Self ,61,283,61,283,359,1396
287,10- Chadiyaan,Chadiyaan,243,"Shamshad, Dilshad",Meera,Chadiyaan,9027130963,Residential Self ,48,48,48,48,372,0
288,10- Chadiyaan,Chadiyaan,244,Haji Naseer,Limuddin,Chadiyaan,-,Residential Self ,88,88,88,0,332,332
289,10- Chadiyaan,Chadiyaan,245,Haji Naseer,Limuddin,Chadiyaan,-,Residential Self ,48,48,48,0,0,0
290,10- Chadiyaan,Chadiyaan,"246,
247",Mohd. Tayyab,Feyyaz Hussain,Chadiyaan,-,Residential Self ,85,520,85,520,335,1615
291,10- Chadiyaan,Chadiyaan,248,Mohd. Yasin,Kalla ,Chadiyaan,9810493466,Residential Self ,85,85,85,85,335,2151
292,10- Chadiyaan,Chadiyaan,249,Mohd. Nafees Ahamad,Sharif Ahamad,Chadiyaan,8430494418,Residential Self ,85,4407,85,4207,335,1615
293,10- Chadiyaan,Chadiyaan,250,Saleem Ahamad,Abdul Hameed,Chadiyaan,-,Residential Self ,132,2407,132,2407,420,2140
294,10- Chadiyaan,Chadiyaan,251,Muradi,Nanu,Chadiyaan,9997143835,Residential Self ,165,1009,165,1009,255,1215
295,10- Chadiyaan,Chadiyaan,252,Annu,W/O Shamshad,Chadiyaan,-,Residential Self ,48,4138,48,4110,0,0
296,10- Chadiyaan,Chadiyaan,253,"Lasho, Shakir",Nisar,Chadiyaan,9084924750,Residential Self ,121,2929,121,2613,420,6589
297,10- Chadiyaan,Chadiyaan,254,Islaman,Mohd. Intezar,Chadiyaan,9719000830,Residential Self ,97,592,97,592,323,1555
298,10- Chadiyaan,Chadiyaan,255,Nafisha,W/O Yamin,Chadiyaan,8396559699,Residential Self ,110,2863,110,2955,420,1828
299,10- Chadiyaan,Chadiyaan,256,Jabbar Khan,Rakhe Khan,Chadiyaan,-,Residential Self ,67,517,67,517,353,1938
300,10- Chadiyaan,Chadiyaan,257,Mohd. Umar,Rakhe Khan,Chadiyaan,8923285484,Residential Self ,85,520,85,2054,325,3382
301,10- Chadiyaan,Chadiyaan,258,"Ahsan , Noshad",Babu Khan,Chadiyaan,-,Residential Self ,61,1272,61,1272,0,0
302,10- Chadiyaan,Chadiyaan,259,Dilshad Khan,Bundu Khan,Chadiyaan,9027804860,Residential Self ,73,3368,73,3989,420,7677
303,10- Chadiyaan,Chadiyaan,260,Umar Khan,Rakhe Khan,Chadiyaan,8076803906,Residential Self ,73,0,73,0,347,347
304,10- Chadiyaan,Chadiyaan,261,Mazhar Khan,Rakhe Khan,Chadiyaan,9816972985,Residential Self ,55,116,55,116,365,730
305,10- Chadiyaan,Chadiyaan,262,Raseeda,W/O Rasheed,Chadiyaan,7078751046,Residential Self ,48,293,48,293,0,0
306,10- Chadiyaan,Chadiyaan,263,Riyasat,Basheer,Chadiyaan,-,Residential Self ,73,1331,73,1763,347,3530
307,10- Chadiyaan,Chadiyaan,263/1,Riyasat,Basheer,Chadiyaan,-,Residential Self ,110,2697,110,2005,310,2160
308,10- Chadiyaan,Chadiyaan,264,"Ahsan, Rizwan",Aniees Ahamad,Chadiyaan,8650457600,Residential Self ,73,445,73,445,0,0
309,10- Chadiyaan,Chadiyaan,265,Shareef,Nazeer Ahamad,Chadiyaan,7088569293,Residential Self ,91,91,91,91,420,420
310,10- Chadiyaan,Chadiyaan,266,Israr Ahamad,Basheer,Chadiyaan,8393001414,Residential Self ,97,450,97,450,323,1262
311,10- Chadiyaan,Chadiyaan,267,Shabbir Ahamad,Raseed Ahamad,Chadiyaan,9910970643,Residential Self ,73,445,73,445,347,347
312,10- Chadiyaan,Chadiyaan,267/1,Mohd. Anas,Ameer Ahamad,Chadiyaan,9149329393,Residential Self ,0,0,0,0,0,0
313,10- Chadiyaan,Chadiyaan,268,Ameer Ahamad,Abdul Kareem,Chadiyaan,9149329393,Residential Self ,61,470,61,470,359,1974
314,10- Chadiyaan,Chadiyaan,269,Nawab Ahamad,Abdul Hakim,Chadiyaan,-,Residential Self ,48,48,48,48,420,420
315,10- Chadiyaan,Chadiyaan,270,Babu,Allah Rakha,Chadiyaan,8307514137,Residential Self ,91,0,91,0,329,0
316,10- Chadiyaan,Chadiyaan,271,Haseena,W/O Naeem,Chadiyaan,9045464718,Residential Self ,85,282,85,282,335,985
317,10- Chadiyaan,Chadiyaan,272,Islam ,Jafar Khan,Chadiyaan,9897861351,Residential Self ,165,347,165,347,255,510
318,10- Chadiyaan,Chadiyaan,273,Shamshad,Basheer Ahamad,Chadiyaan,-,Residential Self ,55,2059,55,2059,365,4882
319,10- Chadiyaan,Chadiyaan,274,Abdul Rehman,Seedu,Chadiyaan,-,Residential Self ,73,1763,73,1440,347,1348
320,10- Chadiyaan,Chadiyaan,275,Sanzida,W/O Mohd. Ikram,Chadiyaan,9368743596,Residential Self ,110,110,110,110,310,310
321,10- Chadiyaan,Chadiyaan,276,Mohd. Ashraf,Haji Shamshad,Chadiyaan,9368743596,Residential Self ,55,55,55,118,365,365
322,10- Chadiyaan,Chadiyaan,277,"Nasir Hasan, Abid Hasan",Nazir Hasan,Chadiyaan,9045329156,Residential Self ,110,671,110,671,310,1490
323,10- Chadiyaan,Chadiyaan,278,Irshad Ahamad,Shamsudeen,Chadiyaan,9759471607,Residential Self ,91,2191,91,14899,329,1985
324,10- Chadiyaan,Chadiyaan,279,Shamsad Ahmad,Hafiz Shamsudeen,Chadiyaan,9927006106,Residential Self ,218,0,218,0,202,0
325,10- Chadiyaan,Chadiyaan,280,"Abdul Basid, Jamil S/O Abdul Rahim,
Mehrban, Noshad, Sajid S/O Khalik",-,Chadiyaan,9368567694,Residential Self ,48,2232,48,455,372,2304
326,10- Chadiyaan,Chadiyaan,281,Khalil,Abdul Rahim,Chadiyaan,9368567694,Residential Self ,48,2479,48,659,372,2812
327,10- Chadiyaan,Chadiyaan,282,"Noshad, Shezad",Khalid,Chadiyaan,6396006416,Residential Self ,48,1817,48,2292,420,5640
328,10- Chadiyaan,Chadiyaan,282/A,Sajid,Nafees,Chadiyaan,9548085407,Residential Self ,44,802,44,675,0,0
329,10- Chadiyaan,Chadiyaan,283,Umar Daraj,Haji Rasheed,Chadiyaan,9761843052,Residential Self ,61,1317,61,1272,420,4140
330,10- Chadiyaan,Chadiyaan,284,Ameer Ahamad,Bundu,Chadiyaan,9720090829,Residential Self ,45,276,45,276,420,2040
331,10- Chadiyaan,Chadiyaan,285,"Tohfik,Shakeel",Basheer Ahamad,Chadiyaan,8266937286,Residential Self ,91,191,91,191,0,0
332,10- Chadiyaan,Chadiyaan,286,Jameel Ahamad,Abdul Rahim,Chadiyaan,6239693121,Residential Self ,97,0,97,0,323,0
333,10- Chadiyaan,Chadiyaan,287,Akhtar,Basheer,Chadiyaan,6239693121,Residential Self ,73,338,73,338,0,0
334,10- Chadiyaan,Chadiyaan,288,Mohd. Ikram,Basheer,Chadiyaan,6239693121,Residential Self ,48,101,48,165,420,840
335,10- Chadiyaan,Chadiyaan,289,Kherunisha,W/O Mangta,Chadiyaan,9536399168,Residential Self ,48,293,48,296,372,1800
336,10- Chadiyaan,Chadiyaan,290,Kherunisha,W/O Mangta,Chadiyaan,9536399168,Residential Self ,145,886,145,886,0,0
337,10- Chadiyaan,Chadiyaan,292,"Samu, Zareef",Rafi,Chadiyaan,9358665503, Open Plot,0,0,0,0,0,0
338,10- Chadiyaan,Chadiyaan,293,Asgar,Mohd. Haneef,Chadiyaan,-,Residential Self ,48,101,48,101,372,744
339,10- Chadiyaan,Chadiyaan,293/1,Asgar,Mohd. Haneef,Chadiyaan,-,Residential Self ,48,101,48,101,0,0
340,10- Chadiyaan,Chadiyaan,294,Zebul,W/O Fazza,Chadiyaan,-,Residential Self ,97,2928,97,2958,420,5040
341,10- Chadiyaan,Chadiyaan,295,Gulzar Ahamad,Zareef Ahamad,Chadiyaan,9058261450,Residential Self ,182,7479,182,9322,420,6972
342,10- Chadiyaan,Chadiyaan,297,Dilbhar,Dildar Khan,Chadiyaan,9012177135,Residential Self ,48,0,48,0,372,0
343,10- Chadiyaan,Chadiyaan,298,"Mehrunisha W/O Kalu,
Aasma D/O Kalu",Kalu,Chadiyaan,8937974077,Residential Self ,73,153,73,153,420,420
344,10- Chadiyaan,Chadiyaan,298/1,"Aafak, Mubassir",Kalu,Chadiyaan,8937974077,Residential Self ,61,128,61,128,0,0
345,10- Chadiyaan,Chadiyaan,299,Mukhtar Ahamad,Mustak Ahamad,Chadiyaan,9327044019,Residential Self ,73,73,73,73,420,420
346,10- Chadiyaan,Chadiyaan,300,Siraj Ahamad,Mustak Ahamad,Chadiyaan,9012896647,Residential Self ,88,185,88,185,332,664
347,10- Chadiyaan,Chadiyaan,301,Ikbal Ahamad,Mohd. Umar,Chadiyaan,9327044019,Residential Self ,121,738,121,738,299,1435
348,10- Chadiyaan,Chadiyaan,302,Siraj Ahamad,Mustak Ahamad,Chadiyaan,9012896647,Residential Self ,0,0,0,0,0,0
349,10- Chadiyaan,Chadiyaan,303,Farida,W/O Hafeez Mukhtar,Chadiyaan,9871219872,Residential Self ,330,3891,330,3891,420,2640
350,10- Chadiyaan,Chadiyaan,304,Nazeer  ,Molli,Chadiyaan,7009043754,Residential Self ,48,565,48,565,372,2556
351,10- Chadiyaan,Chadiyaan,304/1,"Mansoor Ahamad,
Mohd. Iftakhar",Zareef Ahamad,Chadiyaan,-,Residential Self ,97,4969,97,4922,0,0
352,10- Chadiyaan,Chadiyaan,305,Zareef Ahamad,Mohd. Rafi,Chadiyaan,9358665503,Residential Self ,121,254,121,8708,299,3332
353,10- Chadiyaan,Chadiyaan,306,Shammu,Mohd. Rafi,Chadiyaan,9015908219,Residential Self ,206,8324,206,17116,420,7260
354,10- Chadiyaan,Chadiyaan,307,Raees   ,Mohd. Rafi,Chadiyaan,9359074380,Residential Self ,61,283,61,283,359,1396
355,10- Chadiyaan,Chadiyaan,309,Inam,Basheer,Chadiyaan,9927273835,Residential Self ,97,204,97,204,0,0
356,10- Chadiyaan,Chadiyaan,310,Inam,Basheer,Chadiyaan,9927273835,Commercial Self ,182,382,182,382,0,0
357,10- Chadiyaan,Chadiyaan,311,Inam,Basheer,Chadiyaan,9927273835,Commercial Self ,182,382,182,382,0,0
358,10- Chadiyaan,Chadiyaan,312,Inam,Basheer,Chadiyaan,9927273835,Commercial Self ,182,382,182,382,0,0
359,10- Chadiyaan,Chadiyaan,313,Inam,Basheer,Chadiyaan,9927273835,Commercial Self ,36,76,36,76,0,0
360,10- Chadiyaan,Chadiyaan,314,"Mohd. Ilyash, Sajid",Noor Mohammad,Chadiyaan,-,Residential Self ,48,0,48,0,372,0
361,10- Chadiyaan,Chadiyaan,315,Mohd. Yasin,Ameer  ,Chadiyaan,9528501192,Residential Self ,48,159,48,151,372,2823
362,10- Chadiyaan,Chadiyaan,316,"Mansoor, Mohd. Iftakhar",Zareef Ahamad,Chadiyaan,9927155745,Residential Self ,303,2875,303,3400,0,0
363,10- Chadiyaan,Chadiyaan,317,Shokat Ali,Allah Banda,Chadiyaan,9690525750,Residential Self ,110,2291,110,2291,310,1870
364,10- Chadiyaan,Chadiyaan,318,Saeed Ahamad,Murad Baksh,Chadiyaan,7668000436, -,61,1272,61,1272,359,3432
365,10- Chadiyaan,Chadiyaan,319,Abdul Haneef,Abdul Mazeed,Chadiyaan,9359955101,Residential Self ,61,372,61,372,420,2040
366,10- Chadiyaan,Chadiyaan,320,Mohd. Akhtar,Dost Mohammad,Chadiyaan,9359955101,Residential Self ,61,0,61,0,359,0
367,10- Chadiyaan,Chadiyaan,321,Abdul Hameed,Abdul Mazeed,Chadiyaan,8881298887,Residential Self ,61,1112,61,1112,359,3187
368,10- Chadiyaan,Chadiyaan,322,Rasidan,W/O Jamil Ahamad,Chadiyaan,8650631982, -,48,0,48,0,420,0
369,10- Chadiyaan,Chadiyaan,322/1,"Munira W/O Saidudeen,
Ikbal S/O Saidudeen",Saidudeen,Chadiyaan,9359955101,Residential Self ,132,1539,132,1078,0,0
370,10- Chadiyaan,Chadiyaan,323,"Khurshid, Ikbal",Haji Nizamudeen,Chadiyaan,8822455225,Residential Self ,48,48,48,48,0,0
371,10- Chadiyaan,Chadiyaan,324,Bilal Ahamad,Nizamudeen,Chadiyaan,8822455225,Residential Self ,48,48,48,48,420,420
372,10- Chadiyaan,Chadiyaan,325,Mustakeem,Islamudeen,Chadiyaan,9359074380,Residential Self ,48,223,48,223,372,1448
373,10- Chadiyaan,Chadiyaan,326,Naseem Ahamad,Islamudeen,Chadiyaan,8198967387,Residential Self ,48,101,48,101,372,1556
374,10- Chadiyaan,Chadiyaan,327,"Raees Ahamad S/O Iddu,
Yasin S/O Haneef",-,Chadiyaan,8198967387,Residential Self ,48,762,48,762,420,3540
375,10- Chadiyaan,Chadiyaan,328,Abdul Rahim,Salimudeen,Chadiyaan,9548483079,Residential Self ,88,836,88,833,332,2024
376,10- Chadiyaan,Chadiyaan,329,Shamim,Iddu,Chadiyaan,8535033645,Residential Self ,48,223,48,223,420,1640
377,10- Chadiyaan,Chadiyaan,330,Abdul Hamid,Mazeed,Chadiyaan,9548483079,Residential Self ,48,455,48,455,420,6756
378,10- Chadiyaan,Chadiyaan,331,Abdul Hakim,Faimudeen,Chadiyaan,9927155745,Residential Self ,48,2013,48,2007,372,5658
379,10- Chadiyaan,Chadiyaan,332,"Zareef Ahamad S/O Haji Tanvir Ahamad,
Gulzar, Izhar,Sanyar,Mansoor S/O Shareef Ahamad",-,Chadiyaan,9927155745,Residential Self ,121,2929,121,2929,420,4440
380,10- Chadiyaan,Chadiyaan,333,Haji Jamshed,Rashid Ahamad,Chadiyaan,9368631560,Residential Self ,48,48,48,48,372,0
381,10- Chadiyaan,Chadiyaan,334,Kuda,Kishana,Chadiyaan,9927924461,Residential Self ,73,73,73,73,347,354
382,10- Chadiyaan,Chadiyaan,335,Dilshad,Ismail,Chadiyaan,7618443175, -,36,875,36,221,0,0
383,10- Chadiyaan,Chadiyaan,336,Kariman,W/O Alimudeen,Chadiyaan,-,Residential Self ,48,0,48,48,372,372
384,10- Chadiyaan,Chadiyaan,337,Akhtar,Dost Mohammad,Chadiyaan,9359955101, Open Plot,36,0,36,120,384,0
385,10- Chadiyaan,Chadiyaan,338,Yamin,Fateh,Chadiyaan,-, Open Plot,199,659,199,199,420,1240
386,10- Chadiyaan,Chadiyaan,"339,
339/1",Inam Ahamad,Basheer Ahamad,Chadiyaan,9927273835,Residential Self ,169,355,169,0,420,840
387,10- Chadiyaan,Chadiyaan,340,Ikbal Ahamad,Maksood,Chadiyaan,-,Residential Self ,48,835,48,986,0,0
388,10- Chadiyaan,Chadiyaan,"341,
342",Ikbal Ahamad,Maksood,Chadiyaan,-,Residential Self ,220,5152,220,3876,200,4282
389,10- Chadiyaan,Chadiyaan,343,Shabbir Ahamad,Mehmood Hasan,Chadiyaan,8218000482,Residential Self ,169,785,169,355,0,0
390,10- Chadiyaan,Chadiyaan,344,Shabbir Ahamad,Mehmood Hasan,Chadiyaan,8218000482,Residential Self ,48,762,48,544,372,3068
391,10- Chadiyaan,Chadiyaan,345,Rasta Masjid Ibadat Gha,-,Chadiyaan,-,Residential Self ,0,0,0,0,0,0
392,10- Chadiyaan,Chadiyaan,346,Masjid Taz Khan Shaheed,-,Chadiyaan,9528192919,Commercial Self ,44,0,44,0,0,0
393,10- Chadiyaan,Chadiyaan,347,Masjid Taz Khan Shaheed,-,Chadiyaan,9528192919,Commercial Self ,36,0,36,0,0,0
394,10- Chadiyaan,Chadiyaan,348,Masjid Taz Khan Shaheed,-,Chadiyaan,9528192919,Commercial Self ,0,0,0,0,420,0
395,10- Chadiyaan,Chadiyaan,349,Masjid Taz Khan Shaheed,-,Chadiyaan,9528192919,Commercial Self ,36,0,36,0,0,0
396,10- Chadiyaan,Chadiyaan,350,Milkiyat Masjid Ibadat Gha,-,Chadiyaan,9528192919,Commercial Self ,36,0,36,0,0,0
397,10- Chadiyaan,Chadiyaan,351,Milkiyat Masjid Ibadat Gha,-,Chadiyaan,9528192919,Commercial Self ,36,66,36,0,0,0
398,10- Chadiyaan,Chadiyaan,351/1,Milkiyat Masjid Ibadat Gha,-,Chadiyaan,9528192919,Commercial Self ,36,0,36,0,0,0
399,10- Chadiyaan,Chadiyaan,351/2,Milkiyat Masjid Ibadat Gha,-,Chadiyaan,9528192919,Commercial Self ,36,0,36,0,0,0
400,10- Chadiyaan,Chadiyaan,352,Karimudeen,Allah Diya,Chadiyaan,8433547796,Residential Self ,51,169,51,169,369,1087
401,10- Chadiyaan,Chadiyaan,353,Abdul Salam,Abdul Hakim,Chadiyaan,9465419473,Residential Self ,36,279,36,221,420,2340
402,10- Chadiyaan,Chadiyaan,354,"Plot Nagar Palika Parishad
Kairana",-,Chadiyaan,-, Open Plot,0,0,0,0,0,0
403,10- Chadiyaan,Chadiyaan,355,"Akhlak, Ilyash, Ashfak",Abdul Wahid,Chadiyaan,9084401163,Residential Self ,182,0,182,382,238,476
404,10- Chadiyaan,Chadiyaan,356,Haji Jamshed,Haji Rashid,Chadiyaan,9368631560,Residential Self ,48,762,48,763,372,3068
405,10- Chadiyaan,Chadiyaan,357,Saleem Ahamad,Abdul Hakim,Chadiyaan,9760781028,Residential Self ,48,0,48,101,372,0
406,10- Chadiyaan,Chadiyaan,358,Nazar,Middu,Chadiyaan,9675628291,Residential Self ,48,864,48,48,372,3981
407,10- Chadiyaan,Chadiyaan,359,Nazar,Middu,Chadiyaan,9045969160,Commercial Self ,726,9748,726,13492,0,0
408,10- Chadiyaan,Chadiyaan,360,Nazar,Middu,Chadiyaan,9045969160,Commercial Self ,220,5152,220,4888,0,0
409,10- Chadiyaan,Chadiyaan,360/1,"Nadeem,",Haneef,Chadiyaan,9358888803,Commercial Self ,121,121,121,121,299,299
410,10- Chadiyaan,Chadiyaan,361,Haseena,W/O Yakub,Chadiyaan,7451064233,Commercial Self ,61,0,61,0,420,840
411,10- Chadiyaan,Chadiyaan,362,Tasleem Jhan,W/O Razwan Ahamad,Chadiyaan,9897746000,Residential Self ,44,0,44,0,376,1464
412,10- Chadiyaan,Chadiyaan,363,Nagina,W/O Sajid,Chadiyaan,-,Residential Self ,150,1159,150,1159,270,1440
413,10- Chadiyaan,Chadiyaan,364,Shabnam,W/O Rashid,Chadiyaan,9193994118,Commercial Self ,110,671,110,671,0,0
414,10- Chadiyaan,Chadiyaan,365,Wakila,W/O Rashid Ahamad,Chadiyaan,9012035232,Commercial Self ,48,293,48,293,372,3918
415,10- Chadiyaan,Chadiyaan,366,Wakila ,W/O Saeed Ahamad,Chadiyaan,9368670786,Residential Self ,462,2144,462,3172,420,840
416,10- Chadiyaan,Chadiyaan,367,Wakila ,W/O Saeed Ahamad,Chadiyaan,9368670786,Commercial Self ,48,101,48,659,0,0
417,10- Chadiyaan,Chadiyaan,368,Wakila,W/O Saeed Ahamad,Chadiyaan,9368670786,Commercial Self ,581,5512,581,0,0,0
418,10- Chadiyaan,Chadiyaan,368/1,Wakila,W/O Saeed Ahamad,Chadiyaan,9368670786,Commercial Self ,484,1016,484,0,0,0
419,10- Chadiyaan,Chadiyaan,369,Haji Jamshed,Rehmbaz,Chadiyaan,-,Residential Self ,48,159,48,159,420,840
420,10- Chadiyaan,Chadiyaan,369/1,Mohd. Saleem,Yamin,Chadiyaan,9412583610,Residential Self ,61,0,61,0,359,0
421,10- Chadiyaan,Chadiyaan,369/2,"Julekhan W/O Ayyub,
Kayyum S/O Ayyub",Ayyub,Chadiyaan,8803135783,Residential Self ,100,0,100,0,0,0
422,10- Chadiyaan,Chadiyaan,370,Mohd. Saleem,Yamin,Chadiyaan,9412583610,Commercial Self ,61,0,61,0,0,0
423,10- Chadiyaan,Chadiyaan,370/1,Mohd. Saleem,Yamin,Chadiyaan,9412583610,Commercial Self ,61,0,61,0,0,0
424,10- Chadiyaan,Chadiyaan,371,Haji Jamshed,Haji Rehmbaz,Chadiyaan,9756761540,Commercial Self ,145,0,145,0,420,840
425,10- Chadiyaan,Chadiyaan,373,"Julekhan W/O Ayyub,
Kayyum S/O Ayyub",Ayyub,Chadiyaan,8803135783,Commercial Self ,200,0,200,0,0,0
426,10- Chadiyaan,Chadiyaan,374,"Julekhan W/O Ayyub,
Kayyum S/O Ayyub",Ayyub,Chadiyaan,8803135783,Commercial Self ,200,0,200,0,420,0
427,10- Chadiyaan,Chadiyaan,374/1,"Mohd. Mustafa,
Mohd. Islam",Haji Jahur,Chadiyaan,9358787087,Residential Self ,121,0,121,0,0,0
428,10- Chadiyaan,Chadiyaan,375,"Mohd. Mustafa,
Mohd. Islam",Haji Jahur,Chadiyaan,9358787087,Commercial Self ,330,0,330,0,420,0
429,10- Chadiyaan,Chadiyaan,375/1,"Mohd. Mustafa,
Mohd. Islam",Haji Jahur,Chadiyaan,9358787087,Commercial Self ,121,0,121,0,0,0
430,10- Chadiyaan,Chadiyaan,375/2,"Mohd. Mustafa,
Mohd. Islam",Haji Jahur,Chadiyaan,9358787087,Commercial Self ,121,0,121,0,0,0
431,10- Chadiyaan,Chadiyaan,376,"Mohd. Mustafa,
Mohd. Islam",Haji Jahur,Chadiyaan,9358787087,Commercial Self ,97,0,97,0,0,0
432,10- Chadiyaan,Chadiyaan,377,"Palat Nagar Palika Parishad
Kairana",-,Chadiyaan,-, Open Plot,0,0,0,0,0,0
433,10- Chadiyaan,Chadiyaan,378,Nalkoop Nagar Palika Parishad Kairana,-,Chadiyaan,-, -,0,0,0,0,0,0
434,10- Chadiyaan,Chadiyaan,379,Palat P.W.D.,-,Chadiyaan,-, Open Plot,0,0,0,0,0,0
435,10- Chadiyaan,Chadiyaan,380,Kabristan Gor Gariba,-,Chadiyaan,-,Kabristan,0,0,0,0,0,0
436,10- Chadiyaan,Chadiyaan,381,"Mesars Meem Agro Foods Privat Limited,
Maneger Mohd. Kamil",-,Chadiyaan,9999909032,Factory,240972,1680121,240972,1119158,2520,11840
437,10- Chadiyaan,Chadiyaan,382/2,"Mesars Meem Agro Foods Privat Limited,
 Director Salahudeen S/O Mohd. Deen",Mohd. Deen,Chadiyaan,9999909032,Factory,0,0,0,0,420,2040
438,10- Chadiyaan,Chadiyaan,382,Haji Basheer,Badlu,Chadiyaan,9368213982,Residential Self ,2200,14065,2200,15908,420,2340
439,10- Chadiyaan,Chadiyaan,382/1,Basheer,Azimullah,Chadiyaan,6395628437,Residential Self ,0,0,0,0,0,0
440,10- Chadiyaan,Chadiyaan,382/3,Raisa,W/O Salim,Chadiyaan,-, Open Plot,0,0,0,0,0,0
441,10- Chadiyaan,Chadiyaan,382/4,Munfed,Habibu Rehman,Chadiyaan,-, Open Plot,0,0,0,0,0,0
442,10- Chadiyaan,Chadiyaan,382/5,Idreesh Badai,-,Chadiyaan,-, Open Plot,0,0,0,0,0,0
443,10- Chadiyaan,Chadiyaan,383,Haji Shabbir,Kutubudeen,Chadiyaan,-, Open Plot,0,0,0,0,0,0
444,10- Chadiyaan,Chadiyaan,384,Ilyash,Allah Banda,Chadiyaan,-,Residential Self ,73,2451,73,2451,0,0
445,10- Chadiyaan,Chadiyaan,385,Sarfaraz,Umardaraz,Chadiyaan,7534959615,Residential Self ,48,0,48,0,0,0
446,10- Chadiyaan,Chadiyaan,385/1,Sarfaraz,Umardaraz,Chadiyaan,7534959615,Commercial Self ,48,0,48,0,365,0
447,10- Chadiyaan,Chadiyaan,386,Sarfaraz,Umardaraz,Chadiyaan,7534959615,Commercial Self ,55,0,55,0,0,0
448,10- Chadiyaan,Chadiyaan,387,Mohd. Haneef  ,Abdul Hameed,Chadiyaan,-, Open Plot,0,0,0,0,0,0
449,10- Chadiyaan,Chadiyaan,388,Sanjila,W/O Rafek,Chadiyaan,9536512418,Residential Self ,48,0,48,0,372,0
450,10- Chadiyaan,Chadiyaan,389,Anees,Saeed Ahamad,Chadiyaan,9927181841,Residential Self ,79,79,79,79,341,341
451,10- Chadiyaan,Chadiyaan,390,Zahir,Rahim,Chadiyaan,-,Residential Self ,48,0,48,0,0,0
452,10- Chadiyaan,Chadiyaan,390/1,Jamshed Khan,Habibur Rehman,Chadiyaan,7600802322,Residential Self ,48,293,48,293,372,1800
453,10- Chadiyaan,Chadiyaan,390/2,Muneef,Nasibudeen,Chadiyaan,-, Open Plot,0,0,0,0,0,0
454,10- Chadiyaan,Chadiyaan,390/3,Khursheed,Raseed  ,Chadiyaan,6395270020,Residential Self ,48,0,48,0,372,0
455,10- Chadiyaan,Chadiyaan,390/3A,Mohd. Israiel,Mohd. Hussain,Chadiyaan,9997357729,Residential Self ,150,0,150,0,270,0
456,10- Chadiyaan,Chadiyaan,390/3B,Rafeek,Yamin,Chadiyaan,6395238402,Residential Self ,45,45,45,45,0,0
457,10- Chadiyaan,Chadiyaan,390/4,Abida,W/O Hameed Ahamad,Chadiyaan,-,Residential Self ,61,128,61,128,0,0
458,10- Chadiyaan,Chadiyaan,390/4B,Naeema,W/O Rashid,Chadiyaan,9528255494,Residential Self ,264,4815,264,4815,156,1008
459,10- Chadiyaan,Chadiyaan,390/5,Mohd. Islam,Naseer Ahamad,Chadiyaan,-,Residential Self ,48,48,48,48,420,420
460,10- Chadiyaan,Chadiyaan,390/5B,Shamim,Raseed Ahamad,Chadiyaan,6395984007,Residential Self ,330,0,330,0,90,0
461,10- Chadiyaan,Chadiyaan,391,Zinda,Yaseen,Chadiyaan,7489132585,Residential Self ,48,455,48,456,372,2304
462,10- Chadiyaan,Chadiyaan,392,Raseed,Mazeed,Chadiyaan,9917767090,Residential Self ,48,159,48,456,372,1096
463,10- Chadiyaan,Chadiyaan,393/1,Saeed  ,Mazeed,Chadiyaan,7409292388,Residential Self ,48,125,48,395,0,0
464,10- Chadiyaan,Chadiyaan,393/2,Shariful,Abdul Rehman,Chadiyaan,9389108411,Residential Self ,61,1112,61,1112,359,3187
465,10- Chadiyaan,Chadiyaan,393/A,Aasma,W/O Ateek,Chadiyaan,7505139399,Residential Self ,44,44,44,44,376,376
466,10- Chadiyaan,Chadiyaan,394,Mazeed,Banda,Chadiyaan,9690717059,Residential Self ,55,0,55,0,365,0
467,10- Chadiyaan,Chadiyaan,395,Mohd. Rashid,Raseed Ahamad,Chadiyaan,6396141316,Residential Self ,61,0,61,0,359,0
468,10- Chadiyaan,Chadiyaan,396,Haseena ,W/O Kalu,Chadiyaan,7819045039,Residential Self ,48,159,48,159,372,1096
469,10- Chadiyaan,Chadiyaan,397,Palat Badai Uccha Gao,-,Chadiyaan,-, Open Plot,0,0,0,0,0,0
470,10- Chadiyaan,Chadiyaan,397/A,"Hakimullah Luhar 
Uccha Gao",-,Chadiyaan,-, Open Plot,0,0,0,0,0,0
471,10- Chadiyaan,Chadiyaan,397/1,"Vasila  W/O Mohd. Umar, 
Fateh Mohammad Benama Anushar",W/O Mohd. Umar,Chadiyaan,-, Open Plot,0,0,0,0,0,0
472,10- Chadiyaan,Chadiyaan,397/1BA,Riyasat,Karimudeen,Chadiyaan,-,Residential Self ,165,2621,165,2621,255,1920
473,10- Chadiyaan,Chadiyaan,397/2,"Khushnuda W/O Yakub,
Kayyum , Ayyub, Gayyur, Mehboob,
Sabir, Haseen, Shakeel, Wakil S/O Yakub",Yakub,Chadiyaan,8430061800,Residential Self ,200,662,200,662,420,0
474,10- Chadiyaan,Chadiyaan,397/2A/2,Tasim,Ali Hasan,Chadiyaan,8810008807,Residential Self ,264,321,264,4193,156,948
475,10- Chadiyaan,Chadiyaan,397/3,Naseem,Riyazul Hasan,Chadiyaan,7088224556,Residential Self ,48,48,48,48,0,0
476,10- Chadiyaan,Chadiyaan,397/4,Furkan,Sajaul Hasan,Chadiyaan,7351991936,Residential Self ,48,1011,48,1001,0,0
477,10- Chadiyaan,Chadiyaan,397/5,Zahida,W/O Sajaul Hasan,Chadiyaan,7351991936,Residential Self ,48,293,48,293,372,2052
478,10- Chadiyaan,Chadiyaan,397/5A,Mustufa,Ali Hasan,Chadiyaan,9720840111,Residential Self ,220,220,220,220,200,200
479,10- Chadiyaan,Chadiyaan,397/6,Muda,Alauddin,Chadiyaan,6396946358,Residential Self ,73,241,73,250,420,1240
480,10- Chadiyaan,Chadiyaan,397/7,"Harun,Jahid,Sahid,Shahdin",Jamshed,Chadiyaan,9719761540, -,97,0,97,97,323,646
481,10- Chadiyaan,Chadiyaan,397/8,Yaseen,Ismaiel,Chadiyaan,-,Residential Self ,48,2013,48,2007,0,0
482,10- Chadiyaan,Chadiyaan,397/1A,Mohd. Mustafa ,Mohd. Islam,Chadiyaan,8266000580,Residential Self ,48,0,48,0,420,0
483,10- Chadiyaan,Chadiyaan,397/1B ,Ilyash,Karimudeen,Chadiyaan,9568678322,Residential Self ,48,1045,48,1040,372,3578
484,10- Chadiyaan,Chadiyaan,397/1C,Zahid ,Ali Sher,Chadiyaan,6396191934,Residential Self ,48,101,48,101,372,744
485,10- Chadiyaan,Chadiyaan,397/1D,Tahir,Ali Sher,Chadiyaan,9012747160,Residential Self ,48,48,48,48,372,372
486,10- Chadiyaan,Chadiyaan,397/1E,Rihana,W/O Anees Ahamad,Chadiyaan,9761668645,Residential Self ,48,293,48,0,372,2812
487,10- Chadiyaan,Chadiyaan,397/1F,Mohd. Haneef,Fakeer,Chadiyaan,-,Residential Self ,48,2479,48,2476,0,0
488,10- Chadiyaan,Chadiyaan,397/1G,Furkan,Muda,Chadiyaan,8448957696,Residential Self ,45,739,45,722,375,539
489,10- Chadiyaan,Chadiyaan,397/2A ,Ali Hasan,Nasbudeen,Chadiyaan,8810008807,Residential Self ,79,1255,79,1264,420,3540
490,10- Chadiyaan,Chadiyaan,397/2A/1,Taslim Khan,Naeem Khan,Chadiyaan,-,Residential Self ,85,2564,85,1464,0,0
491,10- Chadiyaan,Chadiyaan,397/3A,"Mohd. Ikram, Mohd. Islam,
Abbas",Noora,Chadiyaan,9639694153,Residential Self ,61,128,61,128,359,359
492,10- Chadiyaan,Chadiyaan,397/4A,Mohd. Ikbal,Kamrudeen,Chadiyaan,9690515405,Residential Self ,48,370,48,370,372,2052
493,10- Chadiyaan,Chadiyaan,397/2B,"Masjid Madni Ibadat Gha
Kandhala Road",-,Chadiyaan,-,Mosque,0,0,0,0,0,0
494,10- Chadiyaan,Chadiyaan,397/2B1,Mohd. Tayyab Hussain,Feyyaz  ,Chadiyaan,-, Open Plot,0,0,0,0,0,0
495,10- Chadiyaan,Chadiyaan,397/3B,Ilyash,Ghissa,Chadiyaan,9358463095,Residential Self ,218,4713,218,0,0,0
496,10- Chadiyaan,Chadiyaan,397/3C,"Zareef Ahamad S/O Basheer.
Mohd. Rashid S/O Raseed",-,Chadiyaan,-, Open Plot,0,0,0,0,0,0
497,10- Chadiyaan,Chadiyaan,398,"Nafisha, Nasima",Maksuda,Chadiyaan,-,Residential Self ,48,659,48,659,0,0
498,10- Chadiyaan,Chadiyaan,398/1,Jamaludeen,Abdul Wahid,Chadiyaan,9690495598,Residential Self ,8448,8448,8448,8448,420,420
499,10- Chadiyaan,Chadiyaan,399,Mohd. Asraf,Sher Mohammad,Chadiyaan,-,Residential Self ,73,1763,73,1763,0,0
500,10- Chadiyaan,Chadiyaan,400,"Public Toilet Nagar Palika 
Parishad Kairana",-,Chadiyaan,-,Toilet,0,0,0,0,0,0
501,10- Chadiyaan,Chadiyaan,401,"Palat Nagar Palika Parishad
Kairana",-,Chadiyaan,-, Open Plot,0,0,0,0,0,0
502,10- Chadiyaan,Chadiyaan,401/1,Intzar,Yasin,Chadiyaan,-, -,290,0,290,0,0,0
503,10- Chadiyaan,Chadiyaan,401/2,Sabra Begum,Mohd. Anees,Chadiyaan,-, -,220,1636,220,0,0,0
504,10- Chadiyaan,Chadiyaan,402,Dilshad Ahamad ,Ismail,Chadiyaan,9897190581, -,220,462,220,462,200,400
505,10- Chadiyaan,Chadiyaan,402/A,Dilshad Ahamad ,Ismail,Chadiyaan,9897190581,Commercial Self ,220,462,220,462,0,0
506,10- Chadiyaan,Chadiyaan,402/1,Shakila,Akhlak,Chadiyaan,9997646067,Commercial Self ,99,0,99,0,321,0
507,10- Chadiyaan,Chadiyaan,402/2,"Mohd. Aslam S/O Haji Dilshad
S/O Mohd. Ismail",Mohd. Ismail,Chadiyaan,9897190581,Tower,8400,0,8400,0,0,0
508,10- Chadiyaan,Chadiyaan,402/2A,Mohd. Danish,Mohd. Rashid,Chadiyaan,8307820400,Commercial Self ,200,420,200,420,0,0
509,10- Chadiyaan,Chadiyaan,403,"Milkiyat Ghandi Asram
Dukan",-,Chadiyaan,7069946132,Commercial Self ,145,0,145,0,0,0
510,10- Chadiyaan,Chadiyaan,404,"Milkiyat Ghandi Asram
Dukan",-,Chadiyaan,7069946132,Commercial Self ,145,0,145,0,0,0
511,10- Chadiyaan,Chadiyaan,405,"Milkiyat Ghandi Asram
Dukan",-,Chadiyaan,7069946132,Commercial Self ,113,0,113,0,0,0
512,10- Chadiyaan,Chadiyaan,406,"Milkiyat Ghandi Asram
Dukan",-,Chadiyaan,7069946132,Commercial Self ,0,0,0,0,0,0
513,10- Chadiyaan,Chadiyaan,407,"Milkiyat Ghandi Asram
Dukan",-,Chadiyaan,7069946132,Commercial Self ,91,0,91,0,0,0
514,10- Chadiyaan,Chadiyaan,408,"Milkiyat Ghandi Asram
Dukan",-,Chadiyaan,7069946132,Commercial Self ,0,0,0,0,420,0
515,10- Chadiyaan,Chadiyaan,409,"Milkiyat Ghandi Asram
Dukan",-,Chadiyaan,7069946132,Commercial Self ,0,0,0,0,0,0
516,10- Chadiyaan,Chadiyaan,410,"Milkiyat Ghandi Asram
Dukan",-,Chadiyaan,7069946132,Commercial Self ,0,0,0,0,0,0
517,10- Chadiyaan,Chadiyaan,411,"Milkiyat Ghandi Asram
Dukan",-,Chadiyaan,7069946132,Commercial Self ,0,0,0,0,0,0
518,10- Chadiyaan,Chadiyaan,412,"Milkiyat Ghandi Asram
Dukan",-,Chadiyaan,7069946132,Commercial Self ,0,0,0,0,0,0
519,10- Chadiyaan,Chadiyaan,413,"Milkiyat Ghandi Asram
Dukan",-,Chadiyaan,7069946132,Commercial Self ,182,0,182,0,420,0
520,10- Chadiyaan,Chadiyaan,414,"Milkiyat Ghandi Asram
Dukan",-,Chadiyaan,7069946132,Commercial Self ,182,0,182,0,0,0
521,10- Chadiyaan,Chadiyaan,415,"Milkiyat Ghandi Asram
Dukan",-,Chadiyaan,7069946132,Commercial Self ,436,0,436,0,420,7774
522,10- Chadiyaan,Chadiyaan,415/1,Abdul Lateef,Allah Banda,Chadiyaan,9582781246,Residential Self ,1162,11024,1162,21886,0,0
523,10- Chadiyaan,Chadiyaan,415/2,Abdul Lateef,Allah Banda,Chadiyaan,9582781246,Commercial Self ,1162,22368,1162,47182,0,0
524,10- Chadiyaan,Chadiyaan,416,Abdul Lateef,Allah Banda,Chadiyaan,9582781246,Commercial Self ,121,2012,121,1689,299,1435
525,10- Chadiyaan,Chadiyaan,417,Irtaza,Mumtaz,Chadiyaan,7651800920,Residential Self ,121,2946,121,740,0,0
526,10- Chadiyaan,Chadiyaan,418,Kherunisha,W/O Gulsanavar,Chadiyaan,7520189841,Commercial Self ,1016,1016,1016,471,420,0
527,10- Chadiyaan,Chadiyaan,419,Kherunisha,W/O Gulsanavar,Chadiyaan,7520189841,Commercial Self ,1016,1016,1016,4715,0,0
528,10- Chadiyaan,Chadiyaan,421,"Dukan Milkiyat Nagar
Palika Parishad Kairana",-,Chadiyaan,-,Commercial Self ,0,0,0,0,0,0
529,10- Chadiyaan,Chadiyaan,420/1,"Dukan Milkiyat Nagar
Palika Parishad Kairana",-,Chadiyaan,-,Commercial Self ,0,0,0,0,0,0
530,10- Chadiyaan,Chadiyaan,421/1,"Dukan Milkiyat Nagar
Palika Parishad Kairana",-,Chadiyaan,-,Commercial Self ,0,0,0,0,0,0
531,10- Chadiyaan,Chadiyaan,421/2,"Dukan Milkiyat Nagar
Palika Parishad Kairana",-,Chadiyaan,-,Commercial Self ,0,0,0,0,0,0
532,10- Chadiyaan,Chadiyaan,421/3,"Dukan Milkiyat Nagar
Palika Parishad Kairana",-,Chadiyaan,-,Commercial Self ,0,0,0,0,0,0
533,10- Chadiyaan,Chadiyaan,421/4,"Dukan Milkiyat Nagar
Palika Parishad Kairana",-,Chadiyaan,-,Commercial Self ,0,0,0,0,0,0
534,10- Chadiyaan,Chadiyaan,421/5,"Dukan Milkiyat Nagar
Palika Parishad Kairana",-,Chadiyaan,-,Commercial Self ,0,0,0,0,0,0
535,10- Chadiyaan,Chadiyaan,421/6,"Dukan Milkiyat Nagar
Palika Parishad Kairana",-,Chadiyaan,-,Commercial Self ,0,0,0,0,0,0
536,10- Chadiyaan,Chadiyaan,422,"Dukan Milkiyat Nagar
Palika Parishad Kairana",-,Chadiyaan,-,Commercial Self ,0,0,0,0,0,0
537,10- Chadiyaan,Chadiyaan,423,"Dukan Milkiyat Nagar
Palika Parishad Kairana",-,Chadiyaan,-,Commercial Self ,0,0,0,0,0,0
538,10- Chadiyaan,Chadiyaan,424,"Dukan Milkiyat Nagar
Palika Parishad Kairana",-,Chadiyaan,-,Commercial Self ,0,0,0,0,0,0
539,10- Chadiyaan,Chadiyaan,425,"Dukan Milkiyat Nagar
Palika Parishad Kairana",-,Chadiyaan,-,Commercial Self ,0,0,0,0,0,0
540,10- Chadiyaan,Chadiyaan,426,"Dukan Milkiyat Nagar
Palika Parishad Kairana",-,Chadiyaan,-,Commercial Self ,0,0,0,0,420,0
541,10- Chadiyaan,Chadiyaan,427,"Dukan Milkiyat Nagar
Palika Parishad Kairana",-,Chadiyaan,-,Commercial Self ,0,0,0,0,420,1940
542,10- Chadiyaan,Chadiyaan,428,Mohd. Yunus,Abdul Wahid,Chadiyaan,9358888803,Commercial Self ,121,254,121,4532,0,0
543,10- Chadiyaan,Chadiyaan,429,"Dukan Milkiyat Nagar
Palika Parishad Kairana",-,Chadiyaan,-,Commercial Self ,0,0,0,0,420,9262
544,10- Chadiyaan,Chadiyaan,430,"Dukan Milkiyat Nagar
Palika Parishad Kairana",-,Chadiyaan,-,Commercial Self ,0,0,0,0,0,0
545,10- Chadiyaan,Chadiyaan,431,"Dukan Milkiyat Nagar
Palika Parishad Kairana",-,Chadiyaan,-,Commercial Self ,0,0,0,0,0,0
546,10- Chadiyaan,Chadiyaan,432,"Dukan Milkiyat Nagar
Palika Parishad Kairana",-,Chadiyaan,-,Commercial Self ,0,0,0,0,0,0
547,10- Chadiyaan,Chadiyaan,433,"Dukan Milkiyat Nagar
Palika Parishad Kairana",-,Chadiyaan,-,Commercial Self ,0,0,0,0,0,0
548,10- Chadiyaan,Chadiyaan,434,"Dukan Milkiyat Nagar
Palika Parishad Kairana",-,Chadiyaan,-,Commercial Self ,0,0,0,0,0,0
549,10- Chadiyaan,Chadiyaan,435,Wakeel,Yunus,Chadiyaan,9084506380,Commercial Self ,194,0,194,0,226,0
550,10- Chadiyaan,Chadiyaan,435/1,Yusuf,Abdul Wahid,Chadiyaan,9358888803,Commercial Self ,218,4884,218,1331,202,2328
551,10- Chadiyaan,Chadiyaan,435/2,Yusuf,Abdul Wahid,Chadiyaan,9358888803,Commercial Self ,121,2712,121,4532,0,0
552,10- Chadiyaan,Chadiyaan,436/1,Yunus,Abdul Wahid,Chadiyaan,-,Residential Self ,48,1938,48,3060,0,0
553,10- Chadiyaan,Chadiyaan,437,Jamaludeen,Abdul Wahid,Chadiyaan,-,Residential Self ,73,986,73,241,420,1240
554,10- Chadiyaan,Chadiyaan,437/1,Haji Harun,Abdul Sattar,Chadiyaan,8430005221,Residential Self ,88,130,88,185,337,664
555,10- Chadiyaan,Chadiyaan,438,Naseer,Nazeer,Chadiyaan,8171372784,Residential Self ,0,0,0,0,420,420
556,10- Chadiyaan,Chadiyaan,439,Karam Ilahi,Basheer,Chadiyaan,-,Residential Self ,36,424,36,0,420,2940
557,10- Chadiyaan,Chadiyaan,440,Nisar,Basheer,Chadiyaan,9719599368,Residential Self ,726,9974,726,9936,0,0
558,10- Chadiyaan,Chadiyaan,441,Mumtaz,Fazza,Chadiyaan,9557018325,Residential Self ,182,0,182,0,420,1640
559,10- Chadiyaan,Chadiyaan,441/1,Zaitun,W/O Zareef,Chadiyaan,8430892493,Residential Self ,145,305,145,305,275,550
560,10- Chadiyaan,Chadiyaan,442,Zaitun,W/O Zareef,Chadiyaan,9557696457,Residential Self ,165,0,165,347,420,840
561,10- Chadiyaan,Chadiyaan,443,Mehrdeen,Abdul Rahim,Chadiyaan,8922856474,Residential Self ,45,0,45,0,375,0
562,10- Chadiyaan,Chadiyaan,444,Saeed Ahamad,Rahim Ahamad,Chadiyaan,9412355829,Residential Self ,48,48,48,48,420,420
563,10- Chadiyaan,Chadiyaan,445,Feyyaz Ahamad,Ismail,Chadiyaan,-,Residential Self ,73,445,73,445,347,1675
564,10- Chadiyaan,Chadiyaan,446,Mumtaz,W/O Ismail,Chadiyaan,-,Residential Self ,73,317,73,0,420,0
565,10- Chadiyaan,Chadiyaan,447,"Ilyash Ahamad, Raseed Ahamad,
Istiyak Ahamad,Ikbal Ahamad, Akhlak Ahamad",Shafik Ahamad,Chadiyaan,9319486061, -,182,1725,182,1403,420,3041
566,10- Chadiyaan,Chadiyaan,448,Haji Saeed Ahamad,Abdul Rahim,Chadiyaan,9412355829,Residential Self ,61,283,61,283,0,0
567,10- Chadiyaan,Chadiyaan,449,"Takiya Kabristan
Subrati",-,Chadiyaan,-,Kabristan,0,0,0,0,0,0
568,10- Chadiyaan,Chadiyaan,450,"Mazwha Nagar Palika Parishad 
Kairana",-,Chadiyaan,-, -,0,0,0,0,0,0
569,10- Chadiyaan,Chadiyaan,452,Tasim,Ali Jaan,Chadiyaan,-,Residential Self ,132,1881,132,3091,0,0
570,10- Chadiyaan,Chadiyaan,454,Nisoh,W/O Akhtar,Chadiyaan,-,Residential Self ,132,806,132,806,0,0
571,10- Chadiyaan,Chadiyaan,455,Aasu,Deen Mohammad,Chadiyaan,-,Residential Self ,55,1289,55,1007,0,0
572,10- Chadiyaan,Chadiyaan,455/1,Mohseen,Jameel,Chadiyaan,9759222825,Residential Self ,44,44,44,44,376,376
573,10- Chadiyaan,Chadiyaan,456,Asgar,Aziz,Chadiyaan,-,Residential Self ,165,349,165,348,0,0
574,10- Chadiyaan,Chadiyaan,457,Babu(Ikbal),Wazid,Chadiyaan,9756114870,Residential Self ,231,1073,231,2902,189,954
575,10- Chadiyaan,Chadiyaan,458,Islam,Ali Jaan,Chadiyaan,-,Residential Self ,55,55,55,55,365,365
576,10- Chadiyaan,Chadiyaan,459,Mustafa,Sher Ali,Chadiyaan,-,Residential Self ,44,339,44,339,0,0
577,10- Chadiyaan,Chadiyaan,460,Mohseen,Sher Ali,Chadiyaan,-,Residential Self ,44,44,44,44,376,1368
578,10- Chadiyaan,Chadiyaan,461,Ikram,Ali Jaan,Chadiyaan,6396144072,Residential Self ,44,145,44,145,359,0
579,10- Chadiyaan,Chadiyaan,462,Sabra,W/O Mamudeen,Chadiyaan,6398447869,Residential Self ,44,802,44,802,0,0
580,10- Chadiyaan,Chadiyaan,463,Mukrim,Yamin,Chadiyaan,-,Residential Self ,264,264,264,264,420,840
581,10- Chadiyaan,Chadiyaan,464,Julekhan  ,W/O Liyakat,Chadiyaan,-,Residential Self ,264,1610,264,1610,0,0
582,10- Chadiyaan,Chadiyaan,464/1,Farzana,W/O Matlub,Chadiyaan,-,Residential Self ,55,55,55,55,365,365
583,10- Chadiyaan,Chadiyaan,465,Margoob Alam,Riyazullah,Chadiyaan,8171276835,Residential Self ,110,231,110,231,310,620
584,10- Chadiyaan,Chadiyaan,381/A,Mustafa,Yusuf,Chadiyaan,8650456096,Residential Self ,88,0,88,0,0,0
585,10- Chadiyaan,Chadiyaan,381/C,Sagiran,W/O Saeed  ,Chadiyaan,-,Residential Self ,110,2577,110,2578,0,0
586,10- Chadiyaan,Chadiyaan,381/D,Jahida,W/O Shamim,Chadiyaan,-,Residential Self ,132,0,132,0,0,0
587,10- Chadiyaan,Chadiyaan,381/E,Shafeek,Mazeed,Chadiyaan,6395238402,Residential Self ,330,0,330,0,90,0
588,10- Chadiyaan,Chadiyaan,381/F,Sarfaraz,Maksood,Chadiyaan,-,Residential Self ,330,0,330,330,90,90
589,10- Chadiyaan,Chadiyaan,381/G,Mehraz,Irshad Qureshi,Chadiyaan,7983139232,Residential Self ,462,10824,462,10824,0,0
590,10- Chadiyaan,Chadiyaan,381/H,Ummed,Ali Baaz,Chadiyaan,9717698072,Residential Self ,198,1210,198,1210,222,1050
591,10- Chadiyaan,Chadiyaan,381/I,Haji Irfan,Nasiruddin,Chadiyaan,6395952763,Residential Self ,6250,6250,6250,3750,0,0
592,10- Chadiyaan,Chadiyaan,381/J,Irshad  ,Ali Jaan,Chadiyaan,8126053761,Residential Self ,88,185,88,185,332,1288
593,10- Chadiyaan,Chadiyaan,382/B,"Liyakat, Rifakat",Shabbeer,Chadiyaan,8171912223,Residential Self ,440,0,440,0,0,0
594,10- Chadiyaan,Chadiyaan,387/1,Ayyub,Sadi,Chadiyaan,-, Open Plot,220,5152,220,5152,0,0
595,10- Chadiyaan,Chadiyaan,397/3A/1,Khushnuma,W/O Anjuman Jiya,Chadiyaan,-,Residential Self ,70,70,70,0,335,3842
596,10- Chadiyaan,Chadiyaan,397/2B/1,"Munavver, Wasim",Abdul Rahim,Chadiyaan,-,Residential Self ,100,0,100,0,310,0
597,10- Chadiyaan,Chadiyaan,335/1,"Ahsan, Irfan",Abdul Wahab,Chadiyaan,8006019880,Residential Self ,50,0,50,853,370,2790
598,10- Chadiyaan,Chadiyaan,335/1A,"Imran, Farman, Shadab, Mannan,
",Abdul Wahab,Chadiyaan,7618443175,Residential Self ,44,913,44,941,340,2520
599,10- Chadiyaan,Chadiyaan,382/A,Sajid,Nafees,Chadiyaan,9548085407,Residential Self ,44,802,44,1995,376,1820
600,10- Chadiyaan,Chadiyaan,560/2E,"Kherunisha W/O Gulab,
Gulab S/O Shamshudeen",Shamsudeen,Chadiyaan,-,Residential Self ,150,0,150,0,0,0
601,10- Chadiyaan,Chadiyaan,561/1E,Palla,Kapura,Chadiyaan,9568008021,Residential Self ,200,1607,200,1607,220,1240
602,10- Chadiyaan,Chadiyaan,563/4,Shama Parveen,W/O Mohd. Kamil,Chadiyaan,-,Residential Self ,150,150,150,150,270,270
603,10- Chadiyaan,Chadiyaan,560/5,Firdosh,W/O Shezad,Chadiyaan,-,Residential Self ,100,100,100,100,0,0
604,10- Chadiyaan,Chadiyaan,145/A,Furkan,Salamatullah,Chadiyaan,-,Residential Self ,50,476,50,476,20,40
605,10- Chadiyaan,Chadiyaan,145/B,Sureyya,W/O Ikram,Chadiyaan,-,Residential Self ,50,476,50,476,0,0
606,10- Chadiyaan,Chadiyaan,560/6,Mustakeen,Yaseen,Chadiyaan,9917110176,Residential Self ,150,150,150,1159,270,270
607,10- Chadiyaan,Chadiyaan,379/9,Salma Rani W/O,Tanveer,Chadiyaan,-, -,581,581,581,0,0,0
608,10- Chadiyaan,Chadiyaan,379/10,Tanveer,Abdul Kayyum,Chadiyaan,-, -,405,1341,405,0,0,0
609,10- Chadiyaan,Chadiyaan,466/1,Shama Parveen,Farukh,Chadiyaan,-, -,373,373,373,373,47,47
610,10- Chadiyaan,Chadiyaan,568/A1,Fatma W/O Aashu,Aashu S/O Gayyur,Chadiyaan,-, -,84,0,84,0,0,0
611,10- Chadiyaan,Chadiyaan,431/1,Furkan Ahmad ,Ibrahim,Chadiyaan,-, -,1480,3108,1480,3108,0,0
612,10- Chadiyaan,Chadiyaan,374/1-3,Jhulekha W/O Ayyub,Kayyum S/O Ayyub,Chadiyaan,-, -,834,0,834,0,0,0
613,10- Chadiyaan,Chadiyaan,467/1A,Sameer Ahmad,Sarif Ahmad,Chadiyaan,-, -,405,1341,405,1341,0,0
614,10- Chadiyaan,Chadiyaan,365/1,Farzana D/O Kasim W/O Rizwan, -,Chadiyaan,-, -,303,636,303,636,0,0
615,10- Chadiyaan,Chadiyaan,402/3,Farzana,Ikram,Chadiyaan,-, -,1925,0,1925,0,0,0
616,10- Chadiyaan,Chadiyaan,401/3,Sahin,Kasim,Chadiyaan,-, -,560,560,560,560,420,1640
617,10- Chadiyaan,Chadiyaan,381/L,Naseem,Rahis,Chadiyaan,-, -,444,444,444,444,420,420
618,10- Chadiyaan,Chadiyaan,381/K,"Farman/Abdul Salam,Sahnaj,Noaman",Vahid,Chadiyaan,-, -,467,467,467,467,420,420
619,10- Chadiyaan,Chadiyaan,381/M,Samim,Rahim,Chadiyaan,-, -,430,430,430,430,0,0
620,10- Chadiyaan,Chadiyaan,561/1C,Kherunisa,Shabudin,Chadiyaan,-, -,220,1021,220,1021,0,0
621,10- Chadiyaan,Chadiyaan,561/1D,Afsana,Samim,Chadiyaan,-, -,150,1718,150,1718,0,0
622,10- Chadiyaan,Chadiyaan,558,Bishamber,Kapura,Chadiyaan,-, -,48,48,48,48,365,365
623,10- Chadiyaan,Chadiyaan,560/7,Imrana,Kamil,Chadiyaan,-, -,44,204,44,204,0,0
624,10- Chadiyaan,Chadiyaan,560/8,Yasin,Nasruddin,Chadiyaan,-, -,55,1007,55,1007,0,0
625,10- Chadiyaan,Chadiyaan,560/9,Yasin,Nasruddin,Chadiyaan,-, -,55,256,55,256,420,1640
626,10- Chadiyaan,Chadiyaan,560/7A,Yakub,Sarif,Chadiyaan,-, -,8280,17388,8280,17388,0,0
627,10- Chadiyaan,Chadiyaan,560/A,Abli,Sattar,Chadiyaan,-, -,44,0,44,0,0,0
628,10- Chadiyaan,Chadiyaan,562/1A,Saiesta,Furkan,Chadiyaan,-, -,439,0,439,0,0,0
629,10- Chadiyaan,Chadiyaan,562/2,Rihana,Vahid,Chadiyaan,-, -,132,277,132,277,0,0
630,10- Chadiyaan,Chadiyaan,562/4,Zarifa,Mulki,Chadiyaan,-, -,50,574,50,574,0,0
631,10- Chadiyaan,Chadiyaan,562/5,Zarifa,Islam,Chadiyaan,-, -,44,0,44,0,0,0
632,10- Chadiyaan,Chadiyaan,562/6,Nisha,Noor Mohammad,Chadiyaan,-, -,100,1357,100,1357,0,0
633,10- Chadiyaan,Chadiyaan,572,Munim,Yunus,Chadiyaan,-, -,131,131,131,131,420,420
634,10- Chadiyaan,Chadiyaan,574,Samer,Chota,Chadiyaan,-, -,55,1878,55,1878,0,0
635,10- Chadiyaan,Chadiyaan,574/1,Rizwana,Imran,Chadiyaan,-, -,61,372,61,372,0,0
636,10- Chadiyaan,Chadiyaan,575,"Kanhaiya,Krishn Pal,Radheshyam",Kishna,Chadiyaan,-, -,110,525,110,525,420,1640
637,10- Chadiyaan,Chadiyaan,576,Janeshwar,Ranjeet,Chadiyaan,-, -,73,73,73,73,0,0
638,10- Chadiyaan,Chadiyaan,576/1,Kamla,Leelu,Chadiyaan,-, -,91,0,91,0,0,0
639,10- Chadiyaan,Chadiyaan,577,Mukesh,Bhola,Chadiyaan,-, -,48,223,48,223,0,0
640,10- Chadiyaan,Chadiyaan,577/A,Raees,Najir Anwar,Chadiyaan,-, -,110,2005,110,2005,0,0
641,10- Chadiyaan,Chadiyaan,578,Radheshyam,Mohar Singh,Chadiyaan,-, -,97,321,97,321,0,0
642,10- Chadiyaan,Chadiyaan,578/2,Foziya,Intzar,Chadiyaan,-, -,121,121,121,121,0,0
643,10- Chadiyaan,Chadiyaan,578/1,Sakil Anwar,Samedin,Chadiyaan,-, -,61,0,61,0,0,0
644,10- Chadiyaan,Chadiyaan,579,Rashid,Bundu,Chadiyaan,-, -,48,1168,48,1168,0,0
645,10- Chadiyaan,Chadiyaan,580,Raees,Bundu,Chadiyaan,-, -,61,0,61,0,0,0
646,10- Chadiyaan,Chadiyaan,581,"Dharmpal,Nakli",Ram Prashad,Chadiyaan,-, -,48,1623,48,1623,0,0
647,10- Chadiyaan,Chadiyaan,567/6,Hanif,Habib,Chadiyaan,-, -,44,339,44,339,0,0
648,10- Chadiyaan,Chadiyaan,568/A,Sabiran,Sida,Chadiyaan,-, -,220,1697,220,1697,420,0
649,10- Chadiyaan,Chadiyaan,571/A,Kosar Jahan,Raees Ahmad,Chadiyaan,-, -,61,470,61,470,0,0
650,10- Chadiyaan,Chadiyaan,560/7B,Gulishta,Abid,Chadiyaan,-, -,215,712,215,667,205,595
651,10- Chadiyaan,Chadiyaan,562/3B,Rihana,Naseem,Chadiyaan,-, -,198,909,198,900,0,0
652,10- Chadiyaan,Chadiyaan,401/3AB,Sabra Begum,Mohd. Anees,Chadiyaan,-, -,173,1285,173,0,0,0
653,10- Chadiyaan,Chadiyaan,401/4,Mohd. Javed,Mohd. Anees,Chadiyaan,-, -,178,1324,178,0,0,0
654,10- Chadiyaan,Chadiyaan,1/4C,Salman,Sarif,Chadiyaan,-, -,181,1346,181,0,0,0
655,10- Chadiyaan,Chadiyaan,560/A/1,Sanjida,Mustkeem,Chadiyaan,-, -,149,493,149,0,271,522
656,10- Chadiyaan,Chadiyaan,397/10,Mohd.Tanveer,Abdul Kayyum,Chadiyaan,-, -,405,405,405,896,0,0
657,10- Chadiyaan,Chadiyaan,417/3,Nafees,Yamin,Chadiyaan,-, -,317,666,317,666,420,840
658,10- Chadiyaan,Chadiyaan,567/1,Balveri,Kawarpal,Chadiyaan,-, -,61,61,61,61,0,0
659,10- Chadiyaan,Chadiyaan,401/2A,Tasdeek,Samim,Chadiyaan,-, -,612,0,612,0,420,0
660,10- Chadiyaan,Chadiyaan,466,"Rashid,Vasim",Raees Ahmad,Chadiyaan,-, -,464,974,464,464,0,0
661,10- Chadiyaan,Chadiyaan,467,Mustafa,Sarif,Chadiyaan,-, -,450,945,450,450,0,0
662,10- Chadiyaan,Chadiyaan,567/3,Mehboob,Yamin,Chadiyaan,-, -,3896,0,3896,0,0,0
663,10- Chadiyaan,Chadiyaan,401/3A,Najra W/O Tofik, -,Chadiyaan,-, -,187,187,187,187,320,0
664,10- Chadiyaan,Chadiyaan,567/3A,Tabashum W/O Israr, -,Chadiyaan,-, -,166,0,166,0,420,0
665,10- Chadiyaan,Chadiyaan,567/3AB,Sajid,Ikram,Chadiyaan,-, -,179,0,179,0,0,0
666,10- Chadiyaan,Chadiyaan,567/4,Kosar,Dikshad,Chadiyaan,-, -,180,0,180,0,0,0
667,10- Chadiyaan,Chadiyaan,567/3A1,Usman,Ayyub,Chadiyaan,-, -,75,0,75,0,0,0
668,10- Chadiyaan,Chadiyaan,466/3,Mohd.Ikhlakh Chouhan,Abbas,Chadiyaan,-, -,220,0,220,0,0,0
